symbol,direction,entry,sl,tp1,pred,actual,hour
MES.F,long,7068.5,7048.5,7128.5,7102.7138,7068.5,2026-04-17 03:00
MES.F,long,7069.5,7049.5,7129.5,7102.9588,7069.5,2026-04-17 04:00
MES.F,long,7056.25,7036.25,7116.25,7103.578,7056.25,2026-04-17 05:00
MES.F,long,7060.5,7040.5,7120.5,7098.2552,7060.5,2026-04-17 06:00
MES.F,long,7083.75,7063.75,7143.75,7096.8269,7083.75,2026-04-17 07:00
MES.F,long,7069.25,7049.25,7129.25,7106.0331,7069.25,2026-04-17 08:00
MES.F,long,7067.75,7047.75,7127.75,7105.5234,7067.75,2026-04-17 09:00
MES.F,long,7068.5,7048.5,7128.5,7104.673,7068.5,2026-04-17 10:00
MES.F,long,7076.5,7056.5,7136.5,7104.3309,7076.5,2026-04-17 11:00
MES.F,long,7078.5,7058.5,7138.5,7107.5324,7078.5,2026-04-17 12:00
MES.F,long,7082.0,7062.0,7142.0,7110.3732,7082.0,2026-04-17 13:00
MES.F,long,7083.5,7063.5,7143.5,7113.6726,7083.5,2026-04-17 14:00
MES.F,long,7082.5,7062.5,7142.5,7116.3252,7082.5,2026-04-17 15:00
MES.F,long,7083.25,7063.25,7143.25,7117.4747,7083.25,2026-04-17 16:00
MES.F,long,7078.5,7058.5,7138.5,7118.4337,7078.5,2026-04-17 17:00
MES.F,long,7078.25,7058.25,7138.25,7116.8846,7078.25,2026-04-17 18:00
MES.F,long,7079.25,7059.25,7139.25,7115.7654,7079.25,2026-04-17 19:00
MES.F,long,7081.25,7061.25,7141.25,7115.4553,7081.25,2026-04-17 20:00
MES.F,long,7079.75,7059.75,7139.75,7116.1349,7079.75,2026-04-19 22:00
MES.F,long,7086.5,7066.5,7146.5,7115.93,7086.5,2026-04-19 23:00
MES.F,long,7090.5,7070.5,7150.5,7118.7556,7090.5,2026-04-20 00:00
MES.F,long,7093.25,7073.25,7153.25,7122.2291,7093.25,2026-04-20 01:00
MES.F,long,7091.75,7071.75,7151.75,7125.5844,7091.75,2026-04-20 02:00
MES.F,long,7101.0,7081.0,7161.0,7126.9821,7101.0,2026-04-20 03:00
MES.F,long,7169.0,7149.0,7229.0,7182.0552,7169.0,2026-04-20 09:00
MES.F,long,7181.0,7161.0,7241.0,7194.3444,7181.0,2026-04-20 10:00
MES.F,long,7164.5,7144.5,7224.5,7206.7737,7164.5,2026-04-20 11:00
MES.F,long,7158.0,7138.0,7218.0,7207.0836,7158.0,2026-04-20 12:00
MES.F,long,7161.25,7141.25,7221.25,7204.4003,7161.25,2026-04-20 13:00
MES.F,long,7161.5,7141.5,7221.5,7203.8386,7161.5,2026-04-20 14:00
MES.F,long,7110.5,7090.5,7170.5,7203.4068,7110.5,2026-04-20 15:00
MES.F,long,7106.75,7086.75,7166.75,7181.3796,7106.75,2026-04-20 16:00
MES.F,long,7112.75,7092.75,7172.75,7166.3289,7112.75,2026-04-20 17:00
MES.F,long,7124.5,7104.5,7184.5,7159.3357,7124.5,2026-04-20 18:00
MES.F,long,7122.0,7102.0,7182.0,7160.2219,7122.0,2026-04-20 19:00
MES.F,long,7119.5,7099.5,7179.5,7159.9956,7119.5,2026-04-20 20:00
MES.F,long,7120.5,7100.5,7180.5,7159.0914,7120.5,2026-04-20 22:00
MES.F,long,7113.75,7093.75,7173.75,7159.0765,7113.75,2026-04-20 23:00
MES.F,long,7116.0,7096.0,7176.0,7156.1937,7116.0,2026-04-21 00:00
MES.F,long,7128.25,7108.25,7188.25,7155.4218,7128.25,2026-04-21 01:00
MES.F,long,7126.25,7106.25,7186.25,7160.1843,7126.25,2026-04-21 02:00
MES.F,long,7129.25,7109.25,7189.25,7162.2702,7129.25,2026-04-21 03:00
MES.F,long,7136.25,7116.25,7196.25,7164.9277,7136.25,2026-04-21 04:00
MES.F,long,7157.0,7137.0,7217.0,7169.5151,7157.0,2026-04-21 05:00
MES.F,long,7131.75,7111.75,7191.75,7181.1435,7131.75,2026-04-21 06:00
MES.F,long,7136.25,7116.25,7196.25,7177.4279,7136.25,2026-04-21 07:00
MES.F,long,7136.75,7116.75,7196.75,7177.1768,7136.75,2026-04-21 08:00
MES.F,long,7137.75,7117.75,7197.75,7176.9572,7137.75,2026-04-21 09:00
MES.F,long,7143.0,7123.0,7203.0,7177.1977,7143.0,2026-04-21 10:00
MES.F,long,7148.5,7128.5,7208.5,7179.576,7148.5,2026-04-21 11:00
MES.F,long,7152.25,7132.25,7212.25,7183.3766,7152.25,2026-04-21 12:00
MES.F,long,7158.25,7138.25,7218.25,7187.3224,7158.25,2026-04-21 13:00
MES.F,long,7155.0,7135.0,7215.0,7192.2994,7155.0,2026-04-21 14:00
MES.F,long,7158.25,7138.25,7218.25,7193.929,7158.25,2026-04-21 15:00
MES.F,long,7124.5,7104.5,7184.5,7155.38,7124.5,2026-04-22 13:00
MES.F,long,7131.25,7111.25,7191.25,7158.3401,7131.25,2026-04-22 14:00
MES.F,long,7134.25,7114.25,7194.25,7163.3045,7134.25,2026-04-22 15:00
MES.F,long,7139.75,7119.75,7199.75,7167.6996,7139.75,2026-04-22 16:00
MES.F,long,7139.5,7119.5,7199.5,7172.7613,7139.5,2026-04-22 17:00
MES.F,long,7136.75,7116.75,7196.75,7175.698,7136.75,2026-04-22 18:00
MES.F,long,7130.0,7110.0,7190.0,7176.2694,7130.0,2026-04-22 19:00
MES.F,long,7141.0,7121.0,7201.0,7173.6447,7141.0,2026-04-22 20:00
MES.F,long,7142.0,7122.0,7202.0,7176.6574,7142.0,2026-04-22 22:00
MES.F,long,7142.25,7122.25,7202.25,7178.8222,7142.25,2026-04-22 23:00
MES.F,long,7138.5,7118.5,7198.5,7180.3128,7138.5,2026-04-23 00:00
MES.F,long,7138.25,7118.25,7198.25,7179.6214,7138.25,2026-04-23 01:00
MES.F,long,7139.0,7119.0,7199.0,7179.0714,7139.0,2026-04-23 02:00
MES.F,long,7142.0,7122.0,7202.0,7179.002,7142.0,2026-04-23 03:00
MES.F,long,7164.5,7144.5,7224.5,7201.9437,7164.5,2026-04-23 12:00
MES.F,long,7161.0,7141.0,7221.0,7203.6323,7161.0,2026-04-23 13:00
MES.F,long,7162.5,7142.5,7222.5,7203.2792,7162.5,2026-04-23 14:00
MES.F,long,7154.75,7134.75,7214.75,7203.6329,7154.75,2026-04-23 15:00
MES.F,long,7141.25,7121.25,7201.25,7200.4751,7141.25,2026-04-23 16:00
MES.F,long,7133.5,7113.5,7193.5,7192.7998,7133.5,2026-04-23 17:00
MES.F,long,7126.5,7106.5,7186.5,7184.7576,7126.5,2026-04-23 18:00
MES.F,long,7133.25,7113.25,7193.25,7181.5319,7133.25,2026-04-24 00:00
MES.F,long,7135.0,7115.0,7195.0,7178.1114,7135.0,2026-04-24 01:00
MES.F,long,7141.75,7121.75,7201.75,7176.7921,7141.75,2026-04-24 02:00
MES.F,long,7168.5,7148.5,7228.5,7203.6013,7168.5,2026-04-24 07:00
MES.F,long,7166.25,7146.25,7226.25,7206.4738,7166.25,2026-04-24 08:00
MES.F,long,7128.25,7108.25,7188.25,7189.5467,7128.25,2026-04-24 10:00
MES.F,long,7142.25,7122.25,7202.25,7180.6529,7142.25,2026-04-24 11:00
MES.F,long,7132.5,7112.5,7192.5,7180.8335,7132.5,2026-04-24 12:00
MES.F,long,7146.75,7126.75,7206.75,7176.8512,7146.75,2026-04-24 13:00
MES.F,long,7153.5,7133.5,7213.5,7180.7794,7153.5,2026-04-24 14:00
MES.F,long,7156.0,7136.0,7216.0,7186.0924,7156.0,2026-04-24 15:00
MES.F,long,7156.5,7136.5,7216.5,7190.5454,7156.5,2026-04-24 16:00
MES.F,long,7142.25,7122.25,7202.25,7193.5335,7142.25,2026-04-24 17:00
MES.F,long,7139.25,7119.25,7199.25,7189.2662,7139.25,2026-04-24 18:00
MES.F,long,7144.5,7124.5,7204.5,7185.3403,7144.5,2026-04-24 19:00
MES.F,long,7150.75,7130.75,7210.75,7185.0244,7150.75,2026-04-24 20:00
MES.F,long,7147.0,7127.0,7207.0,7187.4486,7147.0,2026-04-26 22:00
MES.F,long,7153.75,7133.75,7213.75,7187.3875,7153.75,2026-04-26 23:00
MES.F,long,7143.5,7123.5,7203.5,7190.311,7143.5,2026-04-27 00:00
MES.F,long,7143.75,7123.75,7203.75,7187.6966,7143.75,2026-04-27 01:00
MES.F,long,7151.0,7131.0,7211.0,7186.2587,7151.0,2026-04-27 02:00
MES.F,long,7171.0,7151.0,7231.0,7188.3838,7171.0,2026-04-27 03:00
MES.F,long,7162.5,7142.5,7222.5,7198.165,7162.5,2026-04-27 04:00
MES.F,long,7154.25,7134.25,7214.25,7200.5353,7154.25,2026-04-27 05:00
MES.F,long,7169.75,7149.75,7229.75,7198.6367,7169.75,2026-04-27 06:00
MES.F,long,7193.75,7173.75,7253.75,7203.9707,7193.75,2026-04-27 07:00
MES.F,long,7191.5,7171.5,7251.5,7217.1885,7191.5,2026-04-27 08:00
MES.F,long,7192.0,7172.0,7252.0,7224.2619,7192.0,2026-04-27 09:00
MES.F,long,7191.0,7171.0,7251.0,7228.9295,7191.0,2026-04-27 10:00
MES.F,long,7194.75,7174.75,7254.75,7231.2649,7194.75,2026-04-27 11:00
MES.F,long,7194.75,7174.75,7254.75,7234.1622,7194.75,2026-04-27 12:00
MES.F,long,7182.25,7162.25,7242.25,7235.8129,7182.25,2026-04-27 13:00
MES.F,long,7178.5,7158.5,7238.5,7231.5334,7178.5,2026-04-27 14:00
MES.F,long,7190.5,7170.5,7250.5,7227.3611,7190.5,2026-04-27 15:00
MES.F,long,7207.75,7187.75,7267.75,7229.7598,7207.75,2026-04-27 16:00
MES.F,long,7203.25,7183.25,7263.25,7238.3727,7203.25,2026-04-27 17:00
MES.F,long,7203.25,7183.25,7263.25,7241.7609,7203.25,2026-04-27 18:00
MES.F,long,7200.75,7180.75,7260.75,7244.0106,7200.75,2026-04-27 19:00
MES.F,long,7189.75,7169.75,7249.75,7244.2935,7189.75,2026-04-27 20:00
MES.F,long,7188.25,7168.25,7248.25,7239.8174,7188.25,2026-04-27 22:00
MES.F,long,7187.25,7167.25,7247.25,7236.4491,7187.25,2026-04-27 23:00
MES.F,long,7189.0,7169.0,7249.0,7233.8636,7189.0,2026-04-28 00:00
MES.F,long,7189.0,7169.0,7249.0,7233.0068,7189.0,2026-04-28 01:00
MES.F,long,7193.75,7173.75,7253.75,7232.4951,7193.75,2026-04-28 02:00
MES.F,long,7196.5,7176.5,7256.5,7234.2283,7196.5,2026-04-28 03:00
MES.F,long,7188.25,7168.25,7248.25,7236.4463,7188.25,2026-04-28 04:00
MES.F,long,7195.5,7175.5,7255.5,7234.3729,7195.5,2026-04-28 05:00
MES.F,long,7191.0,7171.0,7251.0,7236.2213,7191.0,2026-04-28 06:00
MES.F,long,7188.75,7168.75,7248.75,7235.3491,7188.75,2026-04-28 07:00
MES.F,long,7196.0,7176.0,7256.0,7233.9345,7196.0,2026-04-28 08:00
MES.F,long,7203.75,7183.75,7263.75,7236.0956,7203.75,2026-04-28 09:00
MES.F,long,7203.0,7183.0,7263.0,7240.6035,7203.0,2026-04-28 10:00
MES.F,long,7172.75,7152.75,7232.75,7221.5228,7172.75,2026-04-30 00:00
MES.F,long,7169.5,7149.5,7229.5,7218.8097,7169.5,2026-04-30 01:00
MES.F,long,7176.5,7156.5,7236.5,7215.7376,7176.5,2026-04-30 02:00
MES.F,long,7173.75,7153.75,7233.75,7216.8339,7173.75,2026-04-30 03:00
MES.F,long,7170.5,7150.5,7230.5,7199.4311,7170.5,2026-04-30 11:00
MES.F,long,7141.5,7121.5,7201.5,7204.5624,7141.5,2026-04-30 12:00
MES.F,long,7184.25,7164.25,7244.25,7195.3849,7184.25,2026-04-30 13:00
MES.F,long,7192.5,7172.5,7252.5,7208.0978,7192.5,2026-04-30 14:00
MES.F,long,7199.0,7179.0,7259.0,7218.9758,7199.0,2026-04-30 15:00
MES.F,long,7199.25,7179.25,7259.25,7228.583,7199.25,2026-04-30 16:00
MES.F,long,7177.25,7157.25,7237.25,7234.5612,7177.25,2026-04-30 17:00
MES.F,long,7172.75,7152.75,7232.75,7228.918,7172.75,2026-04-30 18:00
MES.F,long,7145.0,7125.0,7205.0,7223.5611,7145.0,2026-04-30 19:00
MES.F,long,7143.75,7123.75,7203.75,7208.275,7143.75,2026-04-30 20:00
MES.F,long,7153.25,7133.25,7213.25,7198.3635,7153.25,2026-04-30 22:00
MES.F,long,7160.5,7140.5,7220.5,7196.1582,7160.5,2026-04-30 23:00
MES.F,long,7165.0,7145.0,7225.0,7197.9597,7165.0,2026-05-01 00:00
MES.F,long,7170.75,7150.75,7230.75,7201.1797,7170.75,2026-05-01 01:00
MES.F,long,7180.5,7160.5,7240.5,7205.7475,7180.5,2026-05-01 02:00
MES.F,long,7194.5,7174.5,7254.5,7212.7249,7194.5,2026-05-01 03:00
MES.F,long,7204.0,7184.0,7264.0,7222.8794,7204.0,2026-05-01 04:00
MES.F,long,7165.25,7145.25,7225.25,7233.0204,7165.25,2026-05-01 05:00
MES.F,long,7192.0,7172.0,7252.0,7222.8926,7192.0,2026-05-01 06:00
MES.F,long,7199.5,7179.5,7259.5,7228.1365,7199.5,2026-05-01 07:00
MES.F,long,7197.25,7177.25,7257.25,7233.9735,7197.25,2026-05-01 08:00
MES.F,long,7224.5,7204.5,7284.5,7236.6708,7224.5,2026-05-01 09:00
MES.F,long,7237.25,7217.25,7297.25,7249.7935,7237.25,2026-05-01 10:00
MES.F,long,7238.0,7218.0,7298.0,7262.8679,7238.0,2026-05-01 11:00
MES.F,long,7246.75,7226.75,7306.75,7271.1942,7246.75,2026-05-01 12:00
MES.F,long,7249.75,7229.75,7309.75,7279.9286,7249.75,2026-05-01 13:00
MES.F,long,7252.5,7232.5,7312.5,7286.34,7252.5,2026-05-01 14:00
MES.F,long,7257.75,7237.75,7317.75,7291.3317,7257.75,2026-05-01 15:00
MES.F,long,7262.75,7242.75,7322.75,7293.0,7262.75,2026-05-01 16:00
MES.F,long,7261.0,7241.0,7321.0,7293.0,7261.0,2026-05-01 17:00
MES.F,long,7260.75,7240.75,7320.75,7293.0,7260.75,2026-05-01 18:00
MES.F,long,7258.0,7238.0,7318.0,7293.0,7258.0,2026-05-01 19:00
MES.F,long,7257.25,7237.25,7317.25,7293.0,7257.25,2026-05-01 20:00
MES.F,long,7252.25,7232.25,7312.25,7293.0,7252.25,2026-05-04 04:00
MES.F,long,7250.0,7230.0,7310.0,7293.0,7250.0,2026-05-04 05:00
MES.F,long,7250.25,7230.25,7310.25,7293.0,7250.25,2026-05-04 06:00
MES.F,long,7253.0,7233.0,7313.0,7293.0,7253.0,2026-05-04 07:00
MES.F,long,7254.0,7234.0,7314.0,7293.0,7254.0,2026-05-04 08:00
MES.F,long,7256.25,7236.25,7316.25,7293.0,7256.25,2026-05-04 09:00
MES.F,long,7258.25,7238.25,7318.25,7293.0,7258.25,2026-05-04 10:00
MES.F,long,7278.5,7258.5,7338.5,7293.0,7278.5,2026-05-04 12:00
MES.F,long,7285.5,7265.5,7345.5,7293.0,7285.5,2026-05-04 13:00
MES.F,long,7270.25,7250.25,7330.25,7293.0,7270.25,2026-05-04 14:00
MNQ.F,long,26321.25,26271.25,26471.25,26355.8399,26321.25,2026-04-17 05:00
MNQ.F,short,26489.5,26539.5,26339.5,26396.3387,26489.5,2026-04-19 23:00
MNQ.F,long,26665.5,26615.5,26815.5,26714.7505,26665.5,2026-04-20 15:00
MNQ.F,short,26812.5,26862.5,26662.5,26698.7905,26812.5,2026-04-21 17:00
MNQ.F,short,26811.0,26861.0,26661.0,26701.5499,26811.0,2026-04-21 18:00
MNQ.F,short,26825.5,26875.5,26675.5,26702.4911,26825.5,2026-04-21 19:00
MNQ.F,short,26826.25,26876.25,26676.25,26707.9878,26826.25,2026-04-21 20:00
MNQ.F,short,26846.75,26896.75,26696.75,26711.5635,26846.75,2026-04-21 22:00
MNQ.F,short,26812.75,26862.75,26662.75,26720.8704,26812.75,2026-04-21 23:00
MNQ.F,short,26837.0,26887.0,26687.0,26714.6703,26837.0,2026-04-22 00:00
MNQ.F,long,26879.25,26829.25,27029.25,26931.1054,26879.25,2026-04-24 09:00
MNQ.F,short,27109.25,27159.25,26959.25,26928.8853,27109.25,2026-04-26 23:00
MNQ.F,short,27367.25,27417.25,27217.25,27212.9193,27367.25,2026-04-28 07:00
MNQ.F,short,27390.75,27440.75,27240.75,27199.7267,27390.75,2026-04-28 08:00
MNQ.F,short,27428.75,27478.75,27278.75,27199.8217,27428.75,2026-04-28 09:00
MNQ.F,short,27399.5,27449.5,27249.5,27212.9873,27399.5,2026-04-28 10:00
MNQ.F,short,27444.75,27494.75,27294.75,27211.207,27444.75,2026-04-28 11:00
MNQ.F,short,27418.25,27468.25,27268.25,27225.5625,27418.25,2026-04-28 12:00
MNQ.F,short,27485.0,27535.0,27335.0,27225.2312,27485.0,2026-04-28 13:00
MNQ.F,short,27489.5,27539.5,27339.5,27247.6762,27489.5,2026-04-28 14:00
MNQ.F,short,27467.75,27517.75,27317.75,27262.7309,27467.75,2026-04-28 15:00
MNQ.F,short,27421.75,27471.75,27271.75,27264.468,27421.75,2026-04-28 16:00
MNQ.F,short,27395.25,27445.25,27245.25,27249.7826,27395.25,2026-04-28 17:00
MNQ.F,short,27409.5,27459.5,27259.5,27231.7066,27409.5,2026-04-28 18:00
MNQ.F,short,27417.25,27467.25,27267.25,27225.4765,27417.25,2026-04-28 19:00
MNQ.F,short,27363.25,27413.25,27213.25,27224.3781,27363.25,2026-04-28 20:00
MNQ.F,short,27337.0,27387.0,27187.0,27205.4943,27337.0,2026-04-28 22:00
MNQ.F,short,27337.75,27387.75,27187.75,27185.1661,27337.75,2026-04-28 23:00
MNQ.F,short,27352.25,27402.25,27202.25,27173.0917,27352.25,2026-04-29 00:00
MNQ.F,short,27284.25,27334.25,27134.25,27170.8187,27284.25,2026-04-29 01:00
MNQ.F,short,27262.0,27312.0,27112.0,27146.4205,27262.0,2026-04-29 02:00
MNQ.F,short,27148.25,27198.25,26998.25,27053.2901,27148.25,2026-04-29 04:00
MNQ.F,short,27202.25,27252.25,27052.25,27028.4345,27202.25,2026-04-29 05:00
MNQ.F,short,27091.5,27141.5,26941.5,27032.0861,27091.5,2026-04-29 06:00
MNQ.F,short,27053.0,27103.0,26903.0,26996.841,27053.0,2026-04-29 07:00
MNQ.F,short,27084.25,27134.25,26934.25,26962.353,27084.25,2026-04-29 08:00
MNQ.F,short,27141.5,27191.5,26991.5,26952.1834,27141.5,2026-04-29 09:00
MNQ.F,short,27194.5,27244.5,27044.5,26966.0711,27194.5,2026-04-29 10:00
MNQ.F,short,27169.5,27219.5,27019.5,26993.2538,27169.5,2026-04-29 11:00
MNQ.F,short,27191.0,27241.0,27041.0,27001.5104,27191.0,2026-04-29 12:00
MNQ.F,short,27224.0,27274.0,27074.0,27013.906,27224.0,2026-04-29 13:00
MNQ.F,short,27246.25,27296.25,27096.25,27032.6254,27246.25,2026-04-29 14:00
MNQ.F,short,27263.5,27313.5,27113.5,27051.5512,27263.5,2026-04-29 15:00
MNQ.F,short,27247.0,27297.0,27097.0,27068.8683,27247.0,2026-04-29 16:00
MNQ.F,short,27267.5,27317.5,27117.5,27073.5847,27267.5,2026-04-29 17:00
MNQ.F,short,27285.0,27335.0,27135.0,27083.2637,27285.0,2026-04-29 18:00
MNQ.F,short,27297.25,27347.25,27147.25,27106.4356,27297.25,2026-04-29 20:00
MNQ.F,short,27220.75,27270.75,27070.75,27073.9303,27220.75,2026-04-30 05:00
M2K.F,short,2737.8,2757.8,2677.8,2721.4412,2737.8,2026-04-19 23:00
M2K.F,long,2762.0,2742.0,2822.0,2771.0436,2762.0,2026-04-20 15:00
M2K.F,short,2809.6001,2829.6001,2749.6001,2788.4836,2809.6001,2026-04-21 19:00
M2K.F,short,2808.7,2828.7,2748.7,2789.0506,2808.7,2026-04-21 20:00
M2K.F,short,2808.2,2828.2,2748.2,2788.9807,2808.2,2026-04-21 22:00
M2K.F,short,2805.0,2825.0,2745.0,2788.7192,2805.0,2026-04-21 23:00
M2K.F,short,2808.8,2828.8,2748.8,2787.1772,2808.8,2026-04-22 00:00
M2K.F,short,2811.7,2831.7,2751.7,2787.969,2811.7,2026-04-22 01:00
M2K.F,short,2814.3999,2834.3999,2754.3999,2789.7116,2814.3999,2026-04-22 02:00
M2K.F,short,2814.1001,2834.1001,2754.1001,2791.882,2814.1001,2026-04-22 03:00
M2K.F,short,2810.3999,2830.3999,2750.3999,2792.9521,2810.3999,2026-04-22 04:00
M2K.F,short,2798.3,2818.3,2738.3,2775.0596,2798.3,2026-04-22 16:00
M2K.F,short,2800.3,2820.3,2740.3,2777.5576,2800.3,2026-04-22 17:00
M2K.F,short,2798.3,2818.3,2738.3,2779.694,2798.3,2026-04-22 18:00
M2K.F,short,2795.1001,2815.1001,2735.1001,2779.8724,2795.1001,2026-04-22 19:00
M2K.F,short,2801.7,2821.7,2741.7,2778.429,2801.7,2026-04-22 20:00
M2K.F,short,2802.3999,2822.3999,2742.3999,2780.3906,2802.3999,2026-04-22 22:00
M2K.F,short,2800.5,2820.5,2740.5,2781.7812,2800.5,2026-04-22 23:00
M2K.F,short,2797.3,2817.3,2737.3,2781.7042,2797.3,2026-04-23 00:00
M2K.F,short,2797.6001,2817.6001,2737.6001,2780.2234,2797.6001,2026-04-23 01:00
M2K.F,short,2799.6001,2819.6001,2739.6001,2779.4876,2799.6001,2026-04-23 02:00
M2K.F,short,2800.5,2820.5,2740.5,2779.9545,2800.5,2026-04-23 03:00
M2K.F,short,2795.8,2815.8,2735.8,2780.6431,2795.8,2026-04-23 04:00
M2K.F,short,2804.6001,2824.6001,2744.6001,2779.0027,2804.6001,2026-04-23 05:00
M2K.F,short,2796.3,2816.3,2736.3,2781.9116,2796.3,2026-04-23 06:00
M2K.F,short,2789.2,2809.2,2729.2,2779.9662,2789.2,2026-04-23 07:00
M2K.F,short,2780.3999,2800.3999,2720.3999,2775.733,2780.3999,2026-04-23 08:00
M2K.F,short,2786.8,2806.8,2726.8,2769.4939,2786.8,2026-04-23 09:00
M2K.F,short,2787.0,2807.0,2727.0,2768.8092,2787.0,2026-04-23 10:00
M2K.F,short,2794.8999,2814.8999,2734.8999,2768.6963,2794.8999,2026-04-23 11:00
M2K.F,short,2791.3,2811.3,2731.3,2772.2417,2791.3,2026-04-23 12:00
M2K.F,short,2789.5,2809.5,2729.5,2772.8017,2789.5,2026-04-23 13:00
M2K.F,short,2776.3999,2796.3999,2716.3999,2763.0221,2776.3999,2026-04-23 18:00
M2K.F,short,2781.1001,2801.1001,2721.1001,2761.0202,2781.1001,2026-04-23 19:00
M2K.F,short,2782.2,2802.2,2722.2,2762.0754,2782.2,2026-04-23 20:00
M2K.F,short,2783.3999,2803.3999,2723.3999,2763.3154,2783.3999,2026-04-23 22:00
M2K.F,short,2782.7,2802.7,2722.7,2764.6306,2782.7,2026-04-23 23:00
M2K.F,short,2775.8999,2795.8999,2715.8999,2765.0907,2775.8999,2026-04-24 00:00
M2K.F,short,2777.5,2797.5,2717.5,2762.3489,2777.5,2026-04-24 01:00
M2K.F,short,2782.5,2802.5,2722.5,2761.4255,2782.5,2026-04-24 02:00
M2K.F,short,2791.8999,2811.8999,2731.8999,2763.095,2791.8999,2026-04-24 03:00
M2K.F,short,2795.8,2815.8,2735.8,2768.1957,2795.8,2026-04-24 04:00
M2K.F,short,2794.3999,2814.3999,2734.3999,2772.8136,2794.3999,2026-04-24 05:00
M2K.F,short,2808.2,2828.2,2748.2,2774.7278,2808.2,2026-04-24 06:00
M2K.F,short,2797.7,2817.7,2737.7,2781.6572,2797.7,2026-04-24 07:00
M2K.F,short,2797.5,2817.5,2737.5,2780.838,2797.5,2026-04-24 08:00
M2K.F,short,2777.2,2797.2,2717.2,2770.3398,2777.2,2026-04-24 10:00
M2K.F,short,2785.3,2805.3,2725.3,2764.9911,2785.3,2026-04-24 11:00
M2K.F,short,2781.6001,2801.6001,2721.6001,2763.1078,2781.6001,2026-04-24 13:00
M2K.F,short,2784.1001,2804.1001,2724.1001,2761.4978,2784.1001,2026-04-26 23:00
M2K.F,short,2799.8999,2819.8999,2739.8999,2777.4129,2799.8999,2026-04-28 11:00
M2K.F,short,2800.8999,2820.8999,2740.8999,2779.0388,2800.8999,2026-04-28 12:00
M2K.F,short,2805.3999,2825.3999,2745.3999,2780.4304,2805.3999,2026-04-28 13:00
M2K.F,short,2806.7,2826.7,2746.7,2783.173,2806.7,2026-04-28 14:00
M2K.F,short,2805.8,2825.8,2745.8,2785.2545,2805.8,2026-04-28 15:00
M2K.F,short,2804.3999,2824.3999,2744.3999,2785.9573,2804.3999,2026-04-28 16:00
M2K.F,short,2803.0,2823.0,2743.0,2785.6463,2803.0,2026-04-28 17:00
M2K.F,short,2803.8,2823.8,2743.8,2784.7788,2803.8,2026-04-28 18:00
M2K.F,short,2804.0,2824.0,2744.0,2784.5916,2804.0,2026-04-28 19:00
M2K.F,short,2798.6001,2818.6001,2738.6001,2784.5671,2798.6001,2026-04-28 20:00
M2K.F,short,2796.5,2816.5,2736.5,2782.2084,2796.5,2026-04-28 22:00
M2K.F,short,2798.1001,2818.1001,2738.1001,2779.9707,2798.1001,2026-04-28 23:00
M2K.F,short,2801.2,2821.2,2741.2,2779.4531,2801.2,2026-04-29 00:00
M2K.F,short,2794.1001,2814.1001,2734.1001,2780.5935,2794.1001,2026-04-29 01:00
M2K.F,short,2793.5,2813.5,2733.5,2778.2146,2793.5,2026-04-29 02:00
M2K.F,short,2786.0,2806.0,2726.0,2768.9721,2786.0,2026-04-29 04:00
M2K.F,short,2778.1001,2798.1001,2718.1001,2768.1986,2778.1001,2026-04-29 05:00
M2K.F,short,2762.8,2782.8,2702.8,2757.215,2762.8,2026-04-29 07:00
M2K.F,short,2764.2,2784.2,2704.2,2751.8569,2764.2,2026-04-29 08:00
M2K.F,short,2766.3999,2786.3999,2706.3999,2749.6447,2766.3999,2026-04-29 09:00
M2K.F,short,2766.0,2786.0,2706.0,2749.6295,2766.0,2026-04-29 10:00
M2K.F,short,2767.8,2787.8,2707.8,2749.6996,2767.8,2026-04-29 11:00
M2K.F,short,2770.0,2790.0,2710.0,2750.6771,2770.0,2026-04-29 12:00
M2K.F,short,2771.5,2791.5,2711.5,2752.2698,2771.5,2026-04-29 13:00
M2K.F,short,2773.3,2793.3,2713.3,2753.8379,2773.3,2026-04-29 14:00
M2K.F,short,2776.6001,2796.6001,2716.6001,2755.466,2776.6001,2026-04-29 15:00
M2K.F,short,2773.5,2793.5,2713.5,2757.7521,2773.5,2026-04-29 16:00
M2K.F,short,2774.6001,2794.6001,2714.6001,2757.61,2774.6001,2026-04-29 17:00
M2K.F,short,2774.3999,2794.3999,2714.3999,2757.8867,2774.3999,2026-04-29 18:00
M2K.F,short,2775.1001,2795.1001,2715.1001,2757.8794,2775.1001,2026-04-29 19:00
M2K.F,short,2775.7,2795.7,2715.7,2758.1296,2775.7,2026-04-29 20:00
M2K.F,short,2771.3999,2791.3999,2711.3999,2758.5117,2771.3999,2026-04-29 22:00
M2K.F,short,2772.6001,2792.6001,2712.6001,2756.8424,2772.6001,2026-04-29 23:00
M2K.F,short,2768.6001,2788.6001,2708.6001,2756.3939,2768.6001,2026-04-30 00:00
M2K.F,short,2766.7,2786.7,2706.7,2754.4203,2766.7,2026-04-30 01:00
M2K.F,short,2773.8,2793.8,2713.8,2752.4894,2773.8,2026-04-30 02:00
M2K.F,short,2773.7,2793.7,2713.7,2754.5459,2773.7,2026-04-30 03:00
M2K.F,short,2769.5,2789.5,2709.5,2755.7821,2769.5,2026-04-30 04:00
M2K.F,short,2755.8,2775.8,2695.8,2749.0114,2755.8,2026-04-30 06:00
M2K.F,short,2745.3,2765.3,2685.3,2730.6643,2745.3,2026-04-30 09:00
M2K.F,short,2742.0,2762.0,2682.0,2730.1609,2742.0,2026-04-30 10:00
M2K.F,short,2747.7,2767.7,2687.7,2728.8265,2747.7,2026-04-30 11:00
M2K.F,short,2738.6001,2758.6001,2678.6001,2730.8101,2738.6001,2026-04-30 12:00
M2K.F,short,2742.2,2762.2,2682.2,2728.202,2742.2,2026-04-30 13:00
M2K.F,short,2745.3,2765.3,2685.3,2728.2823,2745.3,2026-04-30 14:00
M2K.F,short,2753.7,2773.7,2693.7,2734.5581,2753.7,2026-05-01 05:00
M2K.F,short,2820.7,2840.7,2760.7,2798.2288,2820.7,2026-05-04 19:00
M2K.F,short,2823.0,2843.0,2763.0,2799.0244,2823.0,2026-05-04 20:00
M2K.F,short,2820.1001,2840.1001,2760.1001,2800.4293,2820.1001,2026-05-04 22:00
M2K.F,short,2818.6001,2838.6001,2758.6001,2799.9198,2818.6001,2026-05-04 23:00
M2K.F,short,2818.8,2838.8,2758.8,2798.9426,2818.8,2026-05-05 00:00
M2K.F,short,2818.7,2838.7,2758.7,2798.4659,2818.7,2026-05-05 01:00
M6E.F,short,1.1814,1.1894,1.1574,1.1806,1.1814,2026-04-17 07:00
M6E.F,short,1.1826,1.1906,1.1586,1.1811,1.1826,2026-04-20 11:00
M6E.F,short,1.1868,1.1948,1.1628,1.1823,1.1868,2026-04-20 15:00
M6E.F,short,1.1865,1.1945,1.1625,1.1843,1.1865,2026-04-20 16:00
M6E.F,short,1.1807,1.1887,1.1567,1.1798,1.1807,2026-04-21 05:00
M6E.F,short,1.1815,1.1895,1.1575,1.1802,1.1815,2026-04-21 07:00
M6E.F,short,1.1816,1.1896,1.1576,1.1808,1.1816,2026-04-21 08:00
M6E.F,short,1.1818,1.1898,1.1578,1.1811,1.1818,2026-04-21 11:00
M6E.F,short,1.1819,1.1899,1.1579,1.1814,1.1819,2026-04-21 12:00
M6E.F,short,1.182,1.19,1.158,1.1815,1.182,2026-04-21 13:00
M6E.F,short,1.1773,1.1853,1.1533,1.1767,1.1773,2026-04-22 12:00
M6E.F,short,1.1781,1.1861,1.1541,1.1773,1.1781,2026-04-22 20:00
M6E.F,short,1.1786,1.1866,1.1546,1.1778,1.1786,2026-04-22 23:00
M6E.F,short,1.1771,1.1851,1.1531,1.1768,1.1771,2026-04-23 05:00
M6E.F,short,1.174,1.182,1.15,1.1726,1.174,2026-04-24 06:00
M6E.F,long,1.1715,1.1635,1.1955,1.1721,1.1715,2026-04-24 13:00
M6E.F,long,1.1713,1.1633,1.1953,1.1721,1.1713,2026-04-24 14:00
M6E.F,long,1.1713,1.1633,1.1953,1.172,1.1713,2026-04-24 15:00
M6E.F,long,1.1705,1.1625,1.1945,1.1721,1.1705,2026-04-24 17:00
M6E.F,long,1.1706,1.1626,1.1946,1.1716,1.1706,2026-04-24 18:00
M6E.F,long,1.1708,1.1628,1.1948,1.1714,1.1708,2026-04-24 19:00
M6E.F,long,1.1705,1.1625,1.1945,1.1716,1.1705,2026-04-26 22:00
M6E.F,long,1.1714,1.1634,1.1954,1.1722,1.1714,2026-04-27 01:00
M6E.F,long,1.1735,1.1655,1.1975,1.174,1.1735,2026-04-27 05:00
M6E.F,long,1.1734,1.1654,1.1974,1.174,1.1734,2026-04-27 06:00
M6E.F,long,1.1741,1.1661,1.1981,1.1748,1.1741,2026-04-27 09:00
M6E.F,long,1.1734,1.1654,1.1974,1.1749,1.1734,2026-04-27 13:00
M6E.F,long,1.1733,1.1653,1.1973,1.1744,1.1733,2026-04-27 14:00
M6E.F,long,1.1749,1.1669,1.1989,1.1757,1.1749,2026-04-27 20:00
M6E.F,short,1.1741,1.1821,1.1501,1.173,1.1741,2026-04-29 07:00
M6E.F,long,1.1698,1.1618,1.1938,1.1709,1.1698,2026-04-30 12:00
M6E.F,long,1.17,1.162,1.194,1.1707,1.17,2026-04-30 13:00
M6E.F,long,1.1703,1.1623,1.1943,1.1711,1.1703,2026-04-30 15:00
M6E.F,long,1.1698,1.1618,1.1938,1.171,1.1698,2026-04-30 16:00
M6E.F,long,1.1691,1.1611,1.1931,1.1708,1.1691,2026-04-30 17:00
M6E.F,long,1.169,1.161,1.193,1.1703,1.169,2026-04-30 18:00
M6E.F,long,1.1684,1.1604,1.1924,1.1701,1.1684,2026-04-30 19:00
M6E.F,long,1.1682,1.1602,1.1922,1.1696,1.1682,2026-04-30 20:00
M6E.F,long,1.1717,1.1637,1.1957,1.1733,1.1717,2026-05-01 04:00
M6E.F,long,1.1714,1.1634,1.1954,1.1728,1.1714,2026-05-01 05:00
M6E.F,long,1.1753,1.1673,1.1993,1.1759,1.1753,2026-05-01 14:00
M6E.F,long,1.1751,1.1671,1.1991,1.1757,1.1751,2026-05-01 15:00
M6E.F,long,1.1751,1.1671,1.1991,1.1758,1.1751,2026-05-01 19:00
M6E.F,long,1.1746,1.1666,1.1986,1.1756,1.1746,2026-05-01 20:00
M6E.F,long,1.1756,1.1676,1.1996,1.1764,1.1756,2026-05-04 01:00
M6E.F,short,1.1792,1.1872,1.1552,1.1782,1.1792,2026-05-04 06:00
M6E.F,short,1.176,1.184,1.152,1.1754,1.176,2026-05-04 18:00
M6A.F,long,0.7165,0.7065,0.7465,0.7213,0.7165,2026-04-17 05:00
M6A.F,long,0.7164,0.7064,0.7464,0.7213,0.7164,2026-04-17 07:00
M6A.F,long,0.715,0.705,0.745,0.7213,0.715,2026-04-17 08:00
M6A.F,long,0.715,0.705,0.745,0.7206,0.715,2026-04-17 09:00
M6A.F,long,0.7151,0.7051,0.7451,0.7203,0.7151,2026-04-17 10:00
M6A.F,long,0.7155,0.7055,0.7455,0.7204,0.7155,2026-04-17 11:00
M6A.F,long,0.7155,0.7055,0.7455,0.7208,0.7155,2026-04-17 12:00
M6A.F,long,0.7156,0.7056,0.7456,0.7208,0.7156,2026-04-17 13:00
M6A.F,long,0.7152,0.7052,0.7452,0.7209,0.7152,2026-04-17 14:00
M6A.F,long,0.7154,0.7054,0.7454,0.7205,0.7154,2026-04-17 15:00
M6A.F,long,0.7157,0.7057,0.7457,0.7206,0.7157,2026-04-17 16:00
M6A.F,long,0.7155,0.7055,0.7455,0.721,0.7155,2026-04-17 17:00
M6A.F,long,0.716,0.706,0.746,0.7208,0.716,2026-04-17 18:00
M6A.F,long,0.7162,0.7062,0.7462,0.7212,0.7162,2026-04-17 19:00
M6A.F,long,0.7162,0.7062,0.7462,0.7213,0.7162,2026-04-17 20:00
M6A.F,long,0.7155,0.7055,0.7455,0.7213,0.7155,2026-04-20 09:00
M6A.F,long,0.7182,0.7082,0.7482,0.7213,0.7182,2026-04-20 19:00
M6A.F,long,0.718,0.708,0.748,0.7213,0.718,2026-04-20 20:00
M6A.F,long,0.7167,0.7067,0.7467,0.7213,0.7167,2026-04-20 22:00
M6A.F,long,0.7164,0.7064,0.7464,0.7213,0.7164,2026-04-20 23:00
M6A.F,long,0.7167,0.7067,0.7467,0.7213,0.7167,2026-04-21 00:00
M6A.F,long,0.7151,0.7051,0.7451,0.7213,0.7151,2026-04-21 01:00
M6A.F,long,0.7149,0.7049,0.7449,0.7209,0.7149,2026-04-21 02:00
M6A.F,long,0.7156,0.7056,0.7456,0.7213,0.7156,2026-04-22 07:00
M6A.F,long,0.7146,0.7046,0.7446,0.721,0.7146,2026-04-22 08:00
M6A.F,long,0.7146,0.7046,0.7446,0.72,0.7146,2026-04-22 09:00
M6A.F,long,0.7146,0.7046,0.7446,0.7198,0.7146,2026-04-22 10:00
M6A.F,long,0.7128,0.7028,0.7428,0.7175,0.7128,2026-04-24 16:00
M6A.F,long,0.7116,0.7016,0.7416,0.7177,0.7116,2026-04-24 17:00
M6A.F,long,0.7115,0.7015,0.7415,0.7166,0.7115,2026-04-24 18:00
M6A.F,long,0.7118,0.7018,0.7418,0.7162,0.7118,2026-04-24 19:00
M6A.F,long,0.712,0.702,0.742,0.7165,0.712,2026-04-24 20:00
M6A.F,long,0.7118,0.7018,0.7418,0.7167,0.7118,2026-04-26 22:00
M6A.F,long,0.7129,0.7029,0.7429,0.7166,0.7129,2026-04-26 23:00
M6A.F,long,0.7125,0.7025,0.7425,0.7175,0.7125,2026-04-27 00:00
M6A.F,long,0.7125,0.7025,0.7425,0.7174,0.7125,2026-04-27 01:00
M6A.F,long,0.7129,0.7029,0.7429,0.7173,0.7129,2026-04-27 02:00
M6A.F,long,0.7139,0.7039,0.7439,0.7176,0.7139,2026-04-27 03:00
M6A.F,long,0.7129,0.7029,0.7429,0.7186,0.7129,2026-04-27 04:00
M6A.F,long,0.7129,0.7029,0.7429,0.7179,0.7129,2026-04-27 05:00
M6A.F,long,0.7133,0.7033,0.7433,0.7177,0.7133,2026-04-27 06:00
M6A.F,long,0.7147,0.7047,0.7447,0.7181,0.7147,2026-04-27 07:00
M6A.F,long,0.7146,0.7046,0.7446,0.7195,0.7146,2026-04-27 08:00
M6A.F,long,0.7143,0.7043,0.7443,0.7197,0.7143,2026-04-27 09:00
M6A.F,long,0.7146,0.7046,0.7446,0.7194,0.7146,2026-04-27 10:00
M6A.F,long,0.7146,0.7046,0.7446,0.7196,0.7146,2026-04-27 11:00
M6A.F,long,0.7143,0.7043,0.7443,0.7197,0.7143,2026-04-27 12:00
M6A.F,long,0.7139,0.7039,0.7439,0.7194,0.7139,2026-04-27 13:00
M6A.F,long,0.7137,0.7037,0.7437,0.719,0.7137,2026-04-27 14:00
M6A.F,long,0.7151,0.7051,0.7451,0.7188,0.7151,2026-04-27 15:00
M6A.F,long,0.7162,0.7062,0.7462,0.72,0.7162,2026-04-27 16:00
M6A.F,long,0.7167,0.7067,0.7467,0.7213,0.7167,2026-04-27 17:00
M6A.F,long,0.7169,0.7069,0.7469,0.7213,0.7169,2026-04-27 18:00
M6A.F,long,0.7163,0.7063,0.7463,0.7213,0.7163,2026-04-27 19:00
M6A.F,long,0.7159,0.7059,0.7459,0.7213,0.7159,2026-04-27 20:00
M6A.F,long,0.7158,0.7058,0.7458,0.7213,0.7158,2026-04-27 22:00
M6A.F,long,0.7172,0.7072,0.7472,0.7212,0.7172,2026-04-27 23:00
M6A.F,long,0.7183,0.7083,0.7483,0.7213,0.7183,2026-04-28 00:00
M6A.F,long,0.7179,0.7079,0.7479,0.7213,0.7179,2026-04-28 01:00
M6A.F,long,0.7182,0.7082,0.7482,0.7213,0.7182,2026-04-28 02:00
M6A.F,long,0.7179,0.7079,0.7479,0.7213,0.7179,2026-04-28 03:00
M6A.F,long,0.7183,0.7083,0.7483,0.7213,0.7183,2026-04-28 04:00
M6A.F,long,0.7182,0.7082,0.7482,0.7213,0.7182,2026-04-28 05:00
M6A.F,long,0.7186,0.7086,0.7486,0.7213,0.7186,2026-04-28 06:00
M6A.F,long,0.7187,0.7087,0.7487,0.7213,0.7187,2026-04-28 07:00
M6A.F,long,0.7184,0.7084,0.7484,0.7213,0.7184,2026-04-28 08:00
M6A.F,long,0.7184,0.7084,0.7484,0.7213,0.7184,2026-04-28 09:00
M6A.F,long,0.7171,0.7071,0.7471,0.7213,0.7171,2026-04-28 17:00
M6A.F,long,0.7179,0.7079,0.7479,0.7213,0.7179,2026-04-28 18:00
M6A.F,long,0.7177,0.7077,0.7477,0.7213,0.7177,2026-04-28 19:00
M6A.F,long,0.717,0.707,0.747,0.7213,0.717,2026-04-28 20:00
M6A.F,long,0.7159,0.7059,0.7459,0.7213,0.7159,2026-04-28 22:00
M6A.F,long,0.7172,0.7072,0.7472,0.7213,0.7172,2026-04-28 23:00
M6A.F,long,0.7172,0.7072,0.7472,0.7213,0.7172,2026-04-29 00:00
M6A.F,long,0.7169,0.7069,0.7469,0.7213,0.7169,2026-04-29 01:00
M6A.F,long,0.7113,0.7013,0.7413,0.7157,0.7113,2026-04-30 13:00
M6A.F,long,0.7122,0.7022,0.7422,0.7159,0.7122,2026-04-30 14:00
M6A.F,long,0.7116,0.7016,0.7416,0.7168,0.7116,2026-04-30 15:00
M6A.F,long,0.712,0.702,0.742,0.7164,0.712,2026-04-30 16:00
M6A.F,long,0.7121,0.7021,0.7421,0.7166,0.7121,2026-04-30 17:00
M6A.F,long,0.7122,0.7022,0.7422,0.7168,0.7122,2026-04-30 18:00
M6A.F,long,0.7112,0.7012,0.7412,0.7169,0.7112,2026-04-30 19:00
M6A.F,long,0.7107,0.7007,0.7407,0.716,0.7107,2026-04-30 20:00
M6A.F,long,0.7111,0.7011,0.7411,0.7154,0.7111,2026-04-30 22:00
M6A.F,long,0.7123,0.7023,0.7423,0.7156,0.7123,2026-04-30 23:00
M6A.F,long,0.7123,0.7023,0.7423,0.7168,0.7123,2026-05-01 00:00
M6A.F,long,0.714,0.704,0.744,0.717,0.714,2026-05-01 01:00
M6A.F,long,0.7152,0.7052,0.7452,0.7185,0.7152,2026-05-01 02:00
M6A.F,long,0.7148,0.7048,0.7448,0.72,0.7148,2026-05-01 03:00
M6A.F,long,0.7146,0.7046,0.7446,0.7199,0.7146,2026-05-01 04:00
M6A.F,long,0.7156,0.7056,0.7456,0.7196,0.7156,2026-05-01 05:00
M6A.F,long,0.7183,0.7083,0.7483,0.7205,0.7183,2026-05-01 06:00
M6A.F,long,0.7178,0.7078,0.7478,0.7213,0.7178,2026-05-01 07:00
M6A.F,long,0.7177,0.7077,0.7477,0.7213,0.7177,2026-05-01 08:00
M6A.F,long,0.7179,0.7079,0.7479,0.7213,0.7179,2026-05-01 09:00
M6A.F,long,0.7192,0.7092,0.7492,0.7213,0.7192,2026-05-01 10:00
M6A.F,long,0.7192,0.7092,0.7492,0.7213,0.7192,2026-05-01 11:00
M6A.F,long,0.7196,0.7096,0.7496,0.7213,0.7196,2026-05-01 12:00
M6A.F,long,0.7193,0.7093,0.7493,0.7213,0.7193,2026-05-01 13:00
M6A.F,long,0.7197,0.7097,0.7497,0.7213,0.7197,2026-05-01 14:00
M6A.F,long,0.7196,0.7096,0.7496,0.7213,0.7196,2026-05-01 15:00
M6A.F,long,0.7197,0.7097,0.7497,0.7213,0.7197,2026-05-01 16:00
M6A.F,long,0.7194,0.7094,0.7494,0.7213,0.7194,2026-05-01 17:00
M6A.F,long,0.719,0.709,0.749,0.7213,0.719,2026-05-01 18:00
M6A.F,long,0.7186,0.7086,0.7486,0.7213,0.7186,2026-05-01 19:00
M6A.F,long,0.7184,0.7084,0.7484,0.7213,0.7184,2026-05-01 20:00
M6A.F,long,0.7191,0.7091,0.7491,0.7213,0.7191,2026-05-03 22:00
M6A.F,long,0.7188,0.7088,0.7488,0.7213,0.7188,2026-05-03 23:00
M6A.F,long,0.7189,0.7089,0.7489,0.7213,0.7189,2026-05-04 00:00
M6A.F,long,0.7179,0.7079,0.7479,0.7213,0.7179,2026-05-04 01:00
M6A.F,long,0.7184,0.7084,0.7484,0.7213,0.7184,2026-05-04 02:00
M6A.F,long,0.7191,0.7091,0.7491,0.7213,0.7191,2026-05-04 03:00
M6A.F,long,0.7196,0.7096,0.7496,0.7213,0.7196,2026-05-04 04:00
M6A.F,long,0.7207,0.7107,0.7507,0.7213,0.7207,2026-05-04 05:00
M6A.F,long,0.7206,0.7106,0.7506,0.7213,0.7206,2026-05-04 08:00
M6A.F,long,0.7204,0.7104,0.7504,0.7213,0.7204,2026-05-04 09:00
MCL.F,long,86.6,84.6,92.6,87.4398,86.6,2026-04-21 22:00
MCL.F,long,86.44,84.44,92.44,87.5142,86.44,2026-04-21 23:00
MCL.F,long,86.81,84.81,92.81,87.5153,86.81,2026-04-22 00:00
MCL.F,long,86.71,84.71,92.71,87.6447,86.71,2026-04-22 01:00
MCL.F,long,86.65,84.65,92.65,87.7022,86.65,2026-04-22 02:00
MCL.F,long,87.35,85.35,93.35,88.0503,87.35,2026-04-22 04:00
MCL.F,long,86.8,84.8,92.8,88.196,86.8,2026-04-22 05:00
MCL.F,long,89.43,87.43,95.43,90.1995,89.43,2026-04-22 09:00
MCL.F,long,88.81,86.81,94.81,90.3488,88.81,2026-04-22 10:00
MCL.F,long,90.22,88.22,96.22,91.0882,90.22,2026-04-22 12:00
MCL.F,long,90.32,88.32,96.32,91.134,90.32,2026-04-22 13:00
MCL.F,long,90.52,88.52,96.52,91.1763,90.52,2026-04-22 14:00
MCL.F,long,89.82,87.82,95.82,91.2451,89.82,2026-04-22 15:00
MCL.F,long,89.4,87.4,95.4,91.0238,89.4,2026-04-22 16:00
MCL.F,long,89.35,87.35,95.35,90.7084,89.35,2026-04-22 17:00
MCL.F,long,89.26,87.26,95.26,90.4649,89.26,2026-04-22 18:00
MCL.F,long,89.59,87.59,95.59,90.2671,89.59,2026-04-22 19:00
MCL.F,long,88.76,86.76,94.76,90.2565,88.76,2026-04-22 20:00
MCL.F,long,88.72,86.72,94.72,89.9733,88.72,2026-04-22 22:00
MCL.F,long,90.11,88.11,96.11,90.913,90.11,2026-04-23 02:00
MCL.F,long,90.22,88.22,96.22,90.9559,90.22,2026-04-23 03:00
MCL.F,long,92.61,90.61,98.61,93.4483,92.61,2026-04-23 09:00
MCL.F,long,92.92,90.92,98.92,93.4472,92.92,2026-04-23 10:00
MCL.F,long,92.6,90.6,98.6,93.5238,92.6,2026-04-23 11:00
MCL.F,long,92.52,90.52,98.52,93.4405,92.52,2026-04-23 13:00
MCL.F,long,92.73,90.73,98.73,93.3056,92.73,2026-04-23 14:00
MCL.F,long,93.85,91.85,99.85,94.6479,93.85,2026-04-23 20:00
MCL.F,long,93.71,91.71,99.71,94.691,93.71,2026-04-23 23:00
MCL.F,long,93.97,91.97,99.97,95.0222,93.97,2026-04-24 02:00
MCL.F,long,93.25,91.25,99.25,94.8124,93.25,2026-04-24 03:00
MCL.F,long,93.22,91.22,99.22,94.4012,93.22,2026-04-24 04:00
MCL.F,long,93.09,91.09,99.09,94.1837,93.09,2026-04-24 06:00
MCL.F,long,94.48,92.48,100.48,97.3029,94.48,2026-04-27 03:00
MCL.F,long,95.92,93.92,101.92,96.3857,95.92,2026-04-27 04:00
MCL.F,long,95.17,93.17,101.17,96.2847,95.17,2026-04-27 05:00
MCL.F,long,95.11,93.11,101.11,95.9364,95.11,2026-04-27 06:00
MCL.F,long,93.53,91.53,99.53,95.6926,93.53,2026-04-27 07:00
MCL.F,long,93.79,91.79,99.79,94.9662,93.79,2026-04-27 08:00
MCL.F,long,93.61,91.61,99.61,94.5859,93.61,2026-04-27 09:00
MCL.F,long,95.23,93.23,101.23,96.2051,95.23,2026-04-27 17:00
MCL.F,long,95.34,93.34,101.34,96.0279,95.34,2026-04-27 18:00
MCL.F,long,95.4,93.4,101.4,96.7482,95.4,2026-04-28 02:00
MCL.F,long,95.12,93.12,101.12,96.3817,95.12,2026-04-28 03:00
MCL.F,long,95.71,93.71,101.71,96.2056,95.71,2026-04-28 05:00
MCL.F,long,96.41,94.41,102.41,96.7793,96.41,2026-04-28 11:00
MCL.F,long,99.4,97.4,105.4,100.3127,99.4,2026-04-29 04:00
MCL.F,long,99.37,97.37,105.37,100.0883,99.37,2026-04-29 05:00
MCL.F,long,99.36,97.36,105.36,99.9118,99.36,2026-04-29 06:00
MCL.F,long,99.22,97.22,105.22,99.8085,99.22,2026-04-29 08:00
MCL.F,long,99.33,97.33,105.33,99.8946,99.33,2026-04-29 17:00
MCL.F,short,108.4,110.4,102.4,107.4404,108.4,2026-04-30 17:00
MCL.F,short,109.07,111.07,103.07,107.7269,109.07,2026-04-30 18:00
MCL.F,short,109.85,111.85,103.85,108.1553,109.85,2026-04-30 19:00
MCL.F,short,106.0,108.0,100.0,105.3275,106.0,2026-05-01 06:00
MCL.F,short,105.4,107.4,99.4,104.1765,105.4,2026-05-01 10:00
MCL.F,short,105.23,107.23,99.23,104.5336,105.23,2026-05-01 11:00
MCL.F,short,105.39,107.39,99.39,104.7143,105.39,2026-05-01 12:00
MCL.F,short,105.65,107.65,99.65,104.9159,105.65,2026-05-01 13:00
MCL.F,short,105.92,107.92,99.92,105.0741,105.92,2026-05-03 22:00
MCL.F,short,102.19,104.19,96.19,101.4166,102.19,2026-05-04 10:00
MBT.F,long,74425.0,72425.0,80425.0,74830.3619,74425.0,2026-04-17 02:00
MBT.F,long,73870.0,71870.0,79870.0,74754.6122,73870.0,2026-04-17 05:00
MBT.F,long,74065.0,72065.0,80065.0,74333.6938,74065.0,2026-04-17 06:00
MBT.F,long,74300.0,72300.0,80300.0,74553.8841,74300.0,2026-04-17 08:00
MBT.F,long,75005.0,73005.0,81005.0,75539.1242,75005.0,2026-04-17 13:00
MBT.F,long,75065.0,73065.0,81065.0,75367.5311,75065.0,2026-04-17 15:00
MBT.F,long,74865.0,72865.0,80865.0,75232.9821,74865.0,2026-04-17 16:00
MBT.F,long,75440.0,73440.0,81440.0,76008.5166,75440.0,2026-04-20 13:00
MBT.F,short,76410.0,78410.0,70410.0,75828.6998,76410.0,2026-04-20 15:00
MBT.F,short,77570.0,79570.0,71570.0,76189.6495,77570.0,2026-04-20 16:00
MBT.F,short,78110.0,80110.0,72110.0,77072.0247,78110.0,2026-04-20 17:00
MBT.F,long,77700.0,75700.0,83700.0,78283.3008,77700.0,2026-04-20 20:00
MBT.F,long,77325.0,75325.0,83325.0,78033.8617,77325.0,2026-04-20 22:00
MBT.F,long,75185.0,73185.0,81185.0,77506.9296,75185.0,2026-04-21 01:00
MBT.F,long,75120.0,73120.0,81120.0,76178.6065,75120.0,2026-04-21 02:00
MBT.F,short,75360.0,77360.0,69360.0,75078.4913,75360.0,2026-04-21 04:00
MBT.F,short,75340.0,77340.0,69340.0,75120.4924,75340.0,2026-04-21 05:00
MBT.F,long,75440.0,73440.0,81440.0,75651.8329,75440.0,2026-04-21 08:00
MBT.F,long,76085.0,74085.0,82085.0,76553.7288,76085.0,2026-04-21 13:00
MBT.F,long,75955.0,73955.0,81955.0,76349.1196,75955.0,2026-04-21 14:00
MBT.F,short,76630.0,78630.0,70630.0,76223.4427,76630.0,2026-04-22 00:00
MBT.F,long,76085.0,74085.0,82085.0,76758.3976,76085.0,2026-04-22 04:00
MBT.F,long,75965.0,73965.0,81965.0,76416.114,75965.0,2026-04-22 05:00
MBT.F,long,75725.0,73725.0,81725.0,76125.5647,75725.0,2026-04-22 06:00
MBT.F,long,75610.0,73610.0,81610.0,75842.9956,75610.0,2026-04-22 09:00
MBT.F,long,75075.0,73075.0,81075.0,75717.9407,75075.0,2026-04-22 11:00
MBT.F,long,78830.0,76830.0,84830.0,79335.3407,78830.0,2026-04-23 08:00
MBT.F,long,77995.0,75995.0,83995.0,78384.0438,77995.0,2026-04-23 17:00
MBT.F,short,78275.0,80275.0,72275.0,77983.0575,78275.0,2026-04-23 22:00
MBT.F,long,77910.0,75910.0,83910.0,78168.5096,77910.0,2026-04-24 00:00
MBT.F,long,77705.0,75705.0,83705.0,78048.3596,77705.0,2026-04-24 01:00
MBT.F,long,77460.0,75460.0,83460.0,77844.7081,77460.0,2026-04-24 02:00
MBT.F,short,77930.0,79930.0,71930.0,77614.5463,77930.0,2026-04-24 04:00
MBT.F,short,78245.0,80245.0,72245.0,77698.4166,78245.0,2026-04-24 06:00
MBT.F,short,78460.0,80460.0,72460.0,78021.2125,78460.0,2026-04-24 07:00
MBT.F,long,77850.0,75850.0,83850.0,78333.8307,77850.0,2026-04-24 09:00
MBT.F,long,77725.0,75725.0,83725.0,78101.0772,77725.0,2026-04-24 10:00
MBT.F,long,77720.0,75720.0,83720.0,78482.3737,77720.0,2026-04-24 18:00
MBT.F,long,77755.0,75755.0,83755.0,78062.5417,77755.0,2026-04-24 19:00
MBT.F,long,78200.0,76200.0,84200.0,78519.8812,78200.0,2026-04-27 08:00
MBT.F,long,78075.0,76075.0,84075.0,78311.8075,78075.0,2026-04-27 09:00
MBT.F,short,78740.0,80740.0,72740.0,77979.9928,78740.0,2026-04-27 13:00
MBT.F,short,79070.0,81070.0,73070.0,78414.3705,79070.0,2026-04-27 14:00
MBT.F,short,79770.0,81770.0,73770.0,78871.9301,79770.0,2026-04-27 15:00
MBT.F,short,79710.0,81710.0,73710.0,79508.2371,79710.0,2026-04-27 16:00
MBT.F,short,78170.0,80170.0,72170.0,77848.3926,78170.0,2026-04-28 00:00
MBT.F,short,78255.0,80255.0,72255.0,77905.9227,78255.0,2026-04-28 01:00
MBT.F,short,77150.0,79150.0,71150.0,76949.5094,77150.0,2026-04-28 10:00
MBT.F,short,77250.0,79250.0,71250.0,76993.8619,77250.0,2026-04-28 11:00
MBT.F,short,77330.0,79330.0,71330.0,77137.0748,77330.0,2026-04-28 12:00
MBT.F,short,77455.0,79455.0,71455.0,77291.9705,77455.0,2026-04-28 13:00
MBT.F,short,77740.0,79740.0,71740.0,77449.1168,77740.0,2026-04-28 14:00
MBT.F,long,76505.0,74505.0,82505.0,76684.2967,76505.0,2026-04-29 05:00
MBT.F,long,76260.0,74260.0,82260.0,76577.0298,76260.0,2026-04-29 06:00
MBT.F,long,76590.0,74590.0,82590.0,76803.5581,76590.0,2026-04-29 13:00
MBT.F,short,77365.0,79365.0,71365.0,76945.9343,77365.0,2026-04-29 18:00
MBT.F,short,77670.0,79670.0,71670.0,77222.9989,77670.0,2026-04-29 19:00
MBT.F,short,78045.0,80045.0,72045.0,77461.6533,78045.0,2026-04-30 01:00
MBT.F,short,76395.0,78395.0,70395.0,76095.575,76395.0,2026-04-30 09:00
MBT.F,short,76195.0,78195.0,70195.0,75922.7084,76195.0,2026-04-30 13:00
MBT.F,short,76570.0,78570.0,70570.0,76151.7837,76570.0,2026-04-30 15:00
MBT.F,long,75730.0,73730.0,81730.0,76280.015,75730.0,2026-04-30 19:00
MBT.F,long,76320.0,74320.0,82320.0,76501.2461,76320.0,2026-05-01 02:00
MBT.F,long,76565.0,74565.0,82565.0,76820.0151,76565.0,2026-05-01 08:00
MBT.F,long,76545.0,74545.0,82545.0,76724.8191,76545.0,2026-05-01 09:00
MBT.F,long,76565.0,74565.0,82565.0,76800.5252,76565.0,2026-05-01 13:00
MBT.F,long,78640.0,76640.0,84640.0,79009.2016,78640.0,2026-05-04 08:00
MBT.F,long,78250.0,76250.0,84250.0,78771.0893,78250.0,2026-05-04 12:00
MBT.F,long,80400.0,78400.0,86400.0,80765.0,80400.0,2026-05-04 20:00
MBT.F,long,80240.0,78240.0,86240.0,80637.5798,80240.0,2026-05-04 22:00
MBT.F,long,80070.0,78070.0,86070.0,80374.169,80070.0,2026-05-04 23:00
MET.F,short,2345.5,4345.5,-3654.5,2312.3764,2345.5,2026-04-17 07:00
MET.F,long,2346.0,346.0,8346.0,2357.8981,2346.0,2026-04-17 13:00
MET.F,long,2340.0,340.0,8340.0,2349.8776,2340.0,2026-04-17 16:00
MET.F,short,2379.0,4379.0,-3621.0,2357.3208,2379.0,2026-04-20 15:00
MET.F,short,2444.0,4444.0,-3556.0,2370.7258,2444.0,2026-04-20 16:00
MET.F,short,2454.5,4454.5,-3545.5,2417.9425,2454.5,2026-04-20 17:00
MET.F,short,2322.5,4322.5,-3677.5,2303.0225,2322.5,2026-04-21 04:00
MET.F,short,2316.0,4316.0,-3684.0,2297.9066,2316.0,2026-04-21 07:00
MET.F,short,2322.0,4322.0,-3678.0,2303.6989,2322.0,2026-04-21 09:00
MET.F,short,2337.5,4337.5,-3662.5,2314.5603,2337.5,2026-04-21 10:00
MET.F,short,2343.5,4343.5,-3656.5,2333.7945,2343.5,2026-04-21 12:00
MET.F,long,2323.5,323.5,8323.5,2333.5612,2323.5,2026-04-22 03:00
MET.F,long,2310.5,310.5,8310.5,2327.8773,2310.5,2026-04-22 04:00
MET.F,long,2303.0,303.0,8303.0,2312.7906,2303.0,2026-04-22 06:00
MET.F,long,2301.5,301.5,8301.5,2312.5244,2301.5,2026-04-22 11:00
MET.F,short,2408.5,4408.5,-3591.5,2396.3266,2408.5,2026-04-23 04:00
MET.F,short,2422.0,4422.0,-3578.0,2403.469,2422.0,2026-04-23 05:00
MET.F,short,2400.5,4400.5,-3599.5,2393.5785,2400.5,2026-04-23 09:00
MET.F,short,2353.5,4353.5,-3646.5,2344.7565,2353.5,2026-04-23 20:00
MET.F,short,2331.0,4331.0,-3669.0,2316.4402,2331.0,2026-04-24 03:00
MET.F,short,2331.0,4331.0,-3669.0,2322.5009,2331.0,2026-04-24 04:00
MET.F,short,2335.0,4335.0,-3665.0,2321.8458,2335.0,2026-04-24 06:00
MET.F,short,2314.0,4314.0,-3686.0,2308.0571,2314.0,2026-04-24 11:00
MET.F,short,2323.0,4323.0,-3677.0,2309.5858,2323.0,2026-04-24 12:00
MET.F,short,2332.5,4332.5,-3667.5,2316.8439,2332.5,2026-04-24 13:00
MET.F,short,2341.0,4341.0,-3659.0,2331.8263,2341.0,2026-04-27 12:00
MET.F,short,2377.5,4377.5,-3622.5,2337.2074,2377.5,2026-04-27 13:00
MET.F,short,2385.0,4385.0,-3615.0,2362.606,2385.0,2026-04-27 14:00
MET.F,short,2402.0,4402.0,-3598.0,2379.244,2402.0,2026-04-27 15:00
MET.F,short,2410.5,4410.5,-3589.5,2396.5307,2410.5,2026-04-27 16:00
MET.F,short,2335.5,4335.5,-3664.5,2324.9728,2335.5,2026-04-28 01:00
MET.F,short,2297.0,4297.0,-3703.0,2287.169,2297.0,2026-04-28 09:00
MET.F,short,2299.5,4299.5,-3700.5,2289.8561,2299.5,2026-04-28 10:00
MET.F,short,2303.5,4303.5,-3696.5,2296.2563,2303.5,2026-04-28 12:00
MET.F,short,2313.0,4313.0,-3687.0,2304.6085,2313.0,2026-04-28 14:00
MET.F,short,2319.0,4319.0,-3681.0,2310.4432,2319.0,2026-04-28 15:00
MET.F,short,2296.0,4296.0,-3704.0,2289.9437,2296.0,2026-04-28 23:00
MET.F,long,2283.5,283.5,8283.5,2290.9227,2283.5,2026-04-29 03:00
MET.F,long,2296.5,296.5,8296.5,2308.5285,2296.5,2026-04-29 13:00
MET.F,short,2322.5,4322.5,-3677.5,2300.657,2322.5,2026-04-29 18:00
MET.F,short,2340.0,4340.0,-3660.0,2313.8628,2340.0,2026-04-29 19:00
MET.F,short,2353.0,4353.0,-3647.0,2335.4526,2353.0,2026-04-30 01:00
MET.F,short,2284.5,4284.5,-3715.5,2275.5876,2284.5,2026-04-30 09:00
MET.F,short,2264.5,4264.5,-3735.5,2241.2749,2264.5,2026-04-30 13:00
MET.F,short,2261.5,4261.5,-3738.5,2253.8419,2261.5,2026-04-30 14:00
MET.F,short,2280.5,4280.5,-3719.5,2259.6257,2280.5,2026-04-30 15:00
MET.F,short,2255.0,4255.0,-3745.0,2249.3082,2255.0,2026-04-30 22:00
MET.F,short,2268.5,4268.5,-3731.5,2251.7422,2268.5,2026-04-30 23:00
MET.F,short,2271.5,4271.5,-3728.5,2265.6191,2271.5,2026-05-01 01:00
MET.F,long,2266.0,266.0,8266.0,2273.785,2266.0,2026-05-01 08:00
MET.F,long,2262.0,262.0,8262.0,2271.582,2262.0,2026-05-01 13:00
MET.F,long,2288.5,288.5,8288.5,2296.2344,2288.5,2026-05-03 22:00
MET.F,long,2388.5,388.5,8388.5,2401.1056,2388.5,2026-05-04 20:00
MET.F,long,2380.0,380.0,8380.0,2395.294,2380.0,2026-05-04 22:00
MET.F,long,2373.5,373.5,8373.5,2385.7173,2373.5,2026-05-04 23:00
SIL.F,short,78.625,118.625,-41.375,78.0411,78.625,2026-04-17 06:00
SIL.F,short,79.01,119.01,-40.99,77.7725,79.01,2026-04-17 07:00
SIL.F,short,78.68,118.68,-41.32,77.8569,78.68,2026-04-17 08:00
SIL.F,short,78.4,118.4,-41.6,77.7297,78.4,2026-04-17 09:00
SIL.F,short,78.985,118.985,-41.015,77.8,78.985,2026-04-19 23:00
SIL.F,short,81.74,121.74,-38.26,78.5602,81.74,2026-04-20 10:00
SIL.F,short,82.535,122.535,-37.465,79.6734,82.535,2026-04-20 11:00
SIL.F,short,82.87,122.87,-37.13,80.589,82.87,2026-04-20 12:00
SIL.F,short,82.435,122.435,-37.565,81.1689,82.435,2026-04-20 13:00
SIL.F,short,82.4,122.4,-37.6,81.1759,82.4,2026-04-20 14:00
SIL.F,short,81.955,121.955,-38.045,81.1454,81.955,2026-04-20 15:00
SIL.F,short,81.675,121.675,-38.325,80.8761,81.675,2026-04-20 16:00
SIL.F,short,81.48,121.48,-38.52,80.5996,81.48,2026-04-20 17:00
SIL.F,short,81.842,121.842,-38.158,80.3684,81.842,2026-04-20 18:00
SIL.F,short,79.935,119.935,-40.065,78.5533,79.935,2026-04-20 22:00
SIL.F,short,80.62,120.62,-39.38,78.6464,80.62,2026-04-20 23:00
SIL.F,short,80.325,120.325,-39.675,79.0642,80.325,2026-04-21 00:00
SIL.F,short,79.34,119.34,-40.66,78.6174,79.34,2026-04-21 02:00
SIL.F,short,79.865,119.865,-40.135,78.4042,79.865,2026-04-21 03:00
SIL.F,short,79.69,119.69,-40.31,78.5834,79.69,2026-04-21 04:00
SIL.F,short,80.35,120.35,-39.65,78.5762,80.35,2026-04-21 05:00
SIL.F,short,79.78,119.78,-40.22,78.9287,79.78,2026-04-21 06:00
SIL.F,short,79.915,119.915,-40.085,78.7852,79.915,2026-04-21 07:00
SIL.F,short,79.97,119.97,-40.03,78.7941,79.97,2026-04-21 08:00
SIL.F,short,79.735,119.735,-40.265,78.8225,79.735,2026-04-21 09:00
SIL.F,short,79.965,119.965,-40.035,78.71,79.965,2026-04-21 10:00
SIL.F,short,79.885,119.885,-40.115,78.7809,79.885,2026-04-21 11:00
SIL.F,short,79.875,119.875,-40.125,78.7692,79.875,2026-04-21 12:00
SIL.F,short,80.205,120.205,-39.795,78.7599,80.205,2026-04-21 13:00
SIL.F,short,79.975,119.975,-40.025,78.9303,79.975,2026-04-21 14:00
SIL.F,short,80.015,120.015,-39.985,78.8843,80.015,2026-04-21 15:00
SIL.F,short,79.475,119.475,-40.525,78.8857,79.475,2026-04-21 16:00
SIL.F,short,79.325,119.325,-40.675,78.5988,79.325,2026-04-21 17:00
SIL.F,short,78.975,118.975,-41.025,78.3907,78.975,2026-04-21 18:00
SIL.F,short,78.95,118.95,-41.05,78.1119,78.95,2026-04-21 19:00
SIL.F,short,78.92,118.92,-41.08,77.976,78.92,2026-04-21 20:00
SIL.F,short,78.945,118.945,-41.055,77.9033,78.945,2026-04-21 22:00
SIL.F,short,79.075,119.075,-40.925,77.8899,79.075,2026-04-21 23:00
SIL.F,short,78.915,118.915,-41.085,77.9577,78.915,2026-04-22 00:00
SIL.F,short,78.99,118.99,-41.01,77.9083,78.99,2026-04-22 01:00
SIL.F,short,79.075,119.075,-40.925,77.9278,79.075,2026-04-22 02:00
SIL.F,short,79.255,119.255,-40.745,77.9817,79.255,2026-04-22 03:00
SIL.F,short,78.815,118.815,-41.185,78.1016,78.815,2026-04-22 04:00
SIL.F,short,78.795,118.795,-41.205,77.9243,78.795,2026-04-22 05:00
SIL.F,short,76.785,116.785,-43.215,75.8605,76.785,2026-04-22 09:00
SIL.F,short,76.815,116.815,-43.185,75.851,76.815,2026-04-22 10:00
SIL.F,short,76.655,116.655,-43.345,75.3539,76.655,2026-04-22 12:00
SIL.F,short,76.78,116.78,-43.22,75.5877,76.78,2026-04-22 13:00
SIL.F,short,77.315,117.315,-42.685,75.7707,77.315,2026-04-22 14:00
SIL.F,short,77.45,117.45,-42.55,76.1428,77.45,2026-04-22 15:00
SIL.F,short,77.57,117.57,-42.43,76.3881,77.57,2026-04-22 16:00
SIL.F,short,77.825,117.825,-42.175,76.5611,77.825,2026-04-22 17:00
SIL.F,short,78.095,118.095,-41.905,76.7669,78.095,2026-04-22 18:00
SIL.F,short,77.96,117.96,-42.04,76.9951,77.96,2026-04-22 19:00
SIL.F,short,78.45,118.45,-41.55,77.0221,78.45,2026-04-22 20:00
SIL.F,short,78.54,118.54,-41.46,77.2839,78.54,2026-04-22 22:00
SIL.F,short,78.29,118.29,-41.71,77.4441,78.29,2026-04-22 23:00
SIL.F,short,78.16,118.16,-41.84,77.3815,78.16,2026-04-23 00:00
SIL.F,short,77.96,117.96,-42.04,77.279,77.96,2026-04-23 01:00
SIL.F,short,78.085,118.085,-41.915,77.1223,78.085,2026-04-23 02:00
SIL.F,short,78.065,118.065,-41.935,77.1137,78.065,2026-04-23 03:00
SIL.F,short,77.7,117.7,-42.3,77.0999,77.7,2026-04-23 04:00
SIL.F,short,78.19,118.19,-41.81,76.9054,78.19,2026-04-23 05:00
SIL.F,short,77.845,117.845,-42.155,77.0737,77.845,2026-04-23 06:00
SIL.F,short,77.845,117.845,-42.155,76.9723,77.845,2026-04-23 07:00
SIL.F,short,77.675,117.675,-42.325,76.9287,77.675,2026-04-23 08:00
SIL.F,short,77.91,117.91,-42.09,76.8199,77.91,2026-04-23 09:00
SIL.F,short,77.895,117.895,-42.105,76.8936,77.895,2026-04-23 10:00
SIL.F,short,77.775,117.775,-42.225,76.9212,77.775,2026-04-23 11:00
SIL.F,short,77.685,117.685,-42.315,76.8732,77.685,2026-04-23 12:00
SIL.F,short,77.475,117.475,-42.525,76.8043,77.475,2026-04-23 13:00
SIL.F,short,77.515,117.515,-42.485,76.663,77.515,2026-04-23 14:00
SIL.F,short,78.195,118.195,-41.805,76.6191,78.195,2026-04-23 15:00
SIL.F,short,76.06,116.06,-43.94,75.6417,76.06,2026-04-23 18:00
SIL.F,short,76.16,116.16,-43.84,75.3913,76.16,2026-04-23 19:00
SIL.F,short,76.185,116.185,-43.815,75.3336,76.185,2026-04-23 20:00
SIL.F,short,76.095,116.095,-43.905,75.3357,76.095,2026-04-23 22:00
SIL.F,short,76.185,116.185,-43.815,75.3031,76.185,2026-04-23 23:00
SIL.F,short,75.53,115.53,-44.47,74.3148,75.53,2026-04-24 03:00
SIL.F,short,76.88,116.88,-43.12,74.5472,76.88,2026-04-24 04:00
SIL.F,short,75.94,115.94,-44.06,75.3687,75.94,2026-04-24 05:00
SIL.F,short,76.25,116.25,-43.75,75.2808,76.25,2026-04-24 06:00
SIL.F,short,76.055,116.055,-43.945,75.3966,76.055,2026-04-24 07:00
SIL.F,short,76.365,116.365,-43.635,75.3407,76.365,2026-04-24 08:00
SIL.F,short,75.575,115.575,-44.425,75.158,75.575,2026-04-24 10:00
SIL.F,short,75.56,115.56,-44.44,74.9676,75.56,2026-04-24 11:00
SIL.F,short,75.45,115.45,-44.55,74.869,75.45,2026-04-24 12:00
SIL.F,short,75.42,115.42,-44.58,74.77,75.42,2026-04-24 13:00
SIL.F,short,75.515,115.515,-44.485,74.7129,75.515,2026-04-24 14:00
SIL.F,short,75.775,115.775,-44.225,74.7396,75.775,2026-04-24 15:00
SIL.F,short,74.87,114.87,-45.13,73.9271,74.87,2026-04-26 23:00
SIL.F,short,74.795,114.795,-45.205,74.0569,74.795,2026-04-27 00:00
SIL.F,short,74.64,114.64,-45.36,74.0881,74.64,2026-04-27 01:00
SIL.F,short,74.785,114.785,-45.215,74.031,74.785,2026-04-27 02:00
SIL.F,short,76.414,116.414,-43.586,75.3909,76.414,2026-04-27 12:00
SIL.F,short,75.62,115.62,-44.38,74.4618,75.62,2026-04-27 15:00
SIL.F,short,75.405,115.405,-44.595,74.6547,75.405,2026-04-27 16:00
SIL.F,short,76.01,116.01,-43.99,74.6511,76.01,2026-04-27 17:00
SIL.F,short,76.365,116.365,-43.635,74.9705,76.365,2026-04-27 18:00
SIL.F,short,76.445,116.445,-43.555,75.3097,76.445,2026-04-27 19:00
SIL.F,short,75.825,115.825,-44.175,75.1693,75.825,2026-04-27 22:00
SIL.F,short,75.705,115.705,-44.295,75.1099,75.705,2026-04-27 23:00
SIL.F,short,75.55,115.55,-44.45,75.0152,75.55,2026-04-28 00:00
SIL.F,short,75.645,115.645,-44.355,74.8917,75.645,2026-04-28 01:00
SIL.F,short,75.91,115.91,-44.09,74.8841,75.91,2026-04-28 02:00
SIL.F,short,75.635,115.635,-44.365,75.0203,75.635,2026-04-28 03:00
SIL.F,short,75.48,115.48,-44.52,74.9467,75.48,2026-04-28 04:00
SIL.F,short,75.5,115.5,-44.5,74.8332,75.5,2026-04-28 05:00
SIL.F,short,74.935,114.935,-45.065,74.4834,74.935,2026-04-28 07:00
SIL.F,short,75.13,115.13,-44.87,74.3383,75.13,2026-04-28 08:00
SIL.F,short,75.285,115.285,-44.715,74.3708,75.285,2026-04-28 09:00
SIL.F,short,75.61,115.61,-44.39,74.4724,75.61,2026-04-28 10:00
SIL.F,short,75.46,115.46,-44.54,74.6937,75.46,2026-04-28 11:00
SIL.F,short,75.515,115.515,-44.485,74.7239,75.515,2026-04-28 12:00
SIL.F,short,75.9,115.9,-44.1,74.7645,75.9,2026-04-28 13:00
SIL.F,short,75.96,115.96,-44.04,74.9782,75.96,2026-04-28 14:00
SIL.F,short,75.69,115.69,-44.31,75.1076,75.69,2026-04-28 15:00
SIL.F,short,74.64,114.64,-45.36,73.9857,74.64,2026-04-28 18:00
SIL.F,short,74.4,114.4,-45.6,73.9496,74.4,2026-04-28 19:00
SIL.F,short,73.815,113.815,-46.185,72.8871,73.815,2026-04-28 23:00
SIL.F,short,74.0,114.0,-46.0,73.0453,74.0,2026-04-29 00:00
SIL.F,short,73.675,113.675,-46.325,73.0427,73.675,2026-04-29 02:00
SIL.F,short,73.95,113.95,-46.05,72.6003,73.95,2026-04-29 04:00
SIL.F,short,73.345,113.345,-46.655,73.0042,73.345,2026-04-29 05:00
SIL.F,short,73.385,113.385,-46.615,72.9113,73.385,2026-04-29 06:00
SIL.F,short,73.68,113.68,-46.32,72.8877,73.68,2026-04-29 07:00
SIL.F,short,73.69,113.69,-46.31,73.0219,73.69,2026-04-29 08:00
SIL.F,short,73.755,113.755,-46.245,73.0936,73.755,2026-04-29 09:00
SIL.F,short,73.65,113.65,-46.35,73.1599,73.65,2026-04-29 10:00
SIL.F,short,73.64,113.64,-46.36,73.1375,73.64,2026-04-29 11:00
SIL.F,short,73.575,113.575,-46.425,73.1184,73.575,2026-04-29 12:00
SIL.F,short,73.64,113.64,-46.36,73.0747,73.64,2026-04-29 13:00
SIL.F,short,73.775,113.775,-46.225,73.0847,73.775,2026-04-29 14:00
SIL.F,short,73.67,113.67,-46.33,73.157,73.67,2026-04-29 15:00
SIL.F,short,73.725,113.725,-46.275,73.1409,73.725,2026-04-29 16:00
SIL.F,short,74.03,114.03,-45.97,73.1596,74.03,2026-04-29 17:00
SIL.F,short,74.095,114.095,-45.905,73.3198,74.095,2026-04-29 18:00
SIL.F,short,74.29,114.29,-45.71,73.4303,74.29,2026-04-29 19:00
SIL.F,short,74.08,114.08,-45.92,73.5793,74.08,2026-04-29 20:00
SIL.F,short,73.88,113.88,-46.12,73.5432,73.88,2026-04-29 22:00
SIL.F,short,73.39,113.39,-46.61,72.7152,73.39,2026-04-30 02:00
SIL.F,short,72.28,112.28,-47.72,71.9182,72.28,2026-04-30 06:00
SIL.F,short,76.325,116.325,-43.675,75.7517,76.325,2026-05-04 10:00
SIL.F,short,75.975,115.975,-44.025,75.6362,75.975,2026-05-04 11:00
SIL.F,short,76.431,116.431,-43.569,75.3918,76.431,2026-05-04 12:00
SIL.F,short,76.295,116.295,-43.705,75.5076,76.295,2026-05-04 13:00
SIL.F,short,76.21,116.21,-43.79,75.4924,76.21,2026-05-04 14:00
SIL.F,short,76.12,116.12,-43.88,75.444,76.12,2026-05-04 15:00
SIL.F,short,76.24,116.24,-43.76,75.3753,76.24,2026-05-04 16:00
SIL.F,short,76.12,116.12,-43.88,75.4058,76.12,2026-05-04 17:00
SIL.F,short,76.285,116.285,-43.715,75.3597,76.285,2026-05-04 18:00
SIL.F,short,75.885,115.885,-44.115,75.4246,75.885,2026-05-04 19:00
SIL.F,short,75.785,115.785,-44.215,75.2497,75.785,2026-05-04 20:00
SIL.F,short,74.835,114.835,-45.165,74.4987,74.835,2026-05-05 00:00
SIL.F,short,74.775,114.775,-45.225,74.284,74.775,2026-05-05 01:00
MGC.F,short,4828.6001,4838.6001,4798.6001,4812.0188,4828.6001,2026-04-17 07:00
MGC.F,short,4814.6001,4824.6001,4784.6001,4804.7613,4814.6001,2026-04-17 11:00
MGC.F,short,4817.7002,4827.7002,4787.7002,4802.7633,4817.7002,2026-04-20 00:00
MGC.F,short,4821.5,4831.5,4791.5,4804.8449,4821.5,2026-04-20 09:00
MGC.F,short,4869.0,4879.0,4839.0,4809.5479,4869.0,2026-04-20 10:00
MGC.F,short,4903.7002,4913.7002,4873.7002,4834.2364,4903.7002,2026-04-20 11:00
MGC.F,short,4896.1001,4906.1001,4866.1001,4865.5292,4896.1001,2026-04-20 12:00
MGC.F,short,4831.1001,4841.1001,4801.1001,4806.7741,4831.1001,2026-04-21 03:00
MGC.F,short,4823.6001,4833.6001,4793.6001,4815.7673,4823.6001,2026-04-21 04:00
MGC.F,short,4838.6001,4848.6001,4808.6001,4817.7547,4838.6001,2026-04-21 05:00
MGC.F,short,4825.8999,4835.8999,4795.8999,4819.0799,4825.8999,2026-04-21 08:00
MGC.F,short,4827.2002,4837.2002,4797.2002,4818.8938,4827.2002,2026-04-21 09:00
MGC.F,short,4835.0,4845.0,4805.0,4819.4043,4835.0,2026-04-21 10:00
MGC.F,short,4834.7002,4844.7002,4804.7002,4823.3755,4834.7002,2026-04-21 11:00
MGC.F,short,4841.0,4851.0,4811.0,4825.7913,4841.0,2026-04-21 12:00
MGC.F,short,4848.7998,4858.7998,4818.7998,4830.0457,4848.7998,2026-04-21 13:00
MGC.F,short,4809.0,4819.0,4779.0,4796.1104,4809.0,2026-04-22 02:00
MGC.F,short,4814.2998,4824.2998,4784.2998,4799.3056,4814.2998,2026-04-22 03:00
MGC.F,short,4738.7002,4748.7002,4708.7002,4709.5014,4738.7002,2026-04-22 12:00
MGC.F,short,4737.3999,4747.3999,4707.3999,4718.7967,4737.3999,2026-04-22 13:00
MGC.F,short,4755.8999,4765.8999,4725.8999,4725.722,4755.8999,2026-04-22 14:00
MGC.F,short,4757.7002,4767.7002,4727.7002,4739.1172,4757.7002,2026-04-22 15:00
MGC.F,short,4770.0,4780.0,4740.0,4748.3374,4770.0,2026-04-22 16:00
MGC.F,short,4773.2998,4783.2998,4743.2998,4759.0031,4773.2998,2026-04-22 17:00
MGC.F,short,4777.2002,4787.2002,4747.2002,4766.2758,4777.2002,2026-04-22 18:00
MGC.F,short,4786.0,4796.0,4756.0,4771.57,4786.0,2026-04-22 20:00
MGC.F,short,4785.8999,4795.8999,4755.8999,4777.0095,4785.8999,2026-04-22 22:00
MGC.F,short,4771.8999,4781.8999,4741.8999,4763.2438,4771.8999,2026-04-23 05:00
MGC.F,short,4756.2002,4766.2002,4726.2002,4745.6648,4756.2002,2026-04-23 09:00
MGC.F,short,4761.0,4771.0,4731.0,4747.661,4761.0,2026-04-23 10:00
MGC.F,short,4765.2998,4775.2998,4735.2998,4744.5371,4765.2998,2026-04-23 15:00
MGC.F,short,4729.3999,4739.3999,4699.3999,4717.6311,4729.3999,2026-04-23 20:00
MGC.F,short,4729.8999,4739.8999,4699.8999,4720.4534,4729.8999,2026-04-23 22:00
MGC.F,short,4736.1001,4746.1001,4706.1001,4723.3203,4736.1001,2026-04-23 23:00
MGC.F,short,4737.2998,4747.2998,4707.2998,4714.1017,4737.2998,2026-04-24 03:00
MGC.F,short,4757.6001,4767.6001,4727.6001,4722.9139,4757.6001,2026-04-24 04:00
MGC.F,short,4750.7002,4760.7002,4720.7002,4740.68,4750.7002,2026-04-24 06:00
MGC.F,short,4750.0,4760.0,4720.0,4741.7115,4750.0,2026-04-24 08:00
MGC.F,long,4692.6001,4682.6001,4722.6001,4712.5992,4692.6001,2026-04-24 17:00
MGC.F,long,4687.3999,4677.3999,4717.3999,4703.151,4687.3999,2026-04-24 18:00
MGC.F,short,4709.7002,4719.7002,4679.7002,4690.2367,4709.7002,2026-04-26 23:00
MGC.F,long,4731.7998,4721.7998,4761.7998,4739.2831,4731.7998,2026-04-27 11:00
MGC.F,short,4740.8999,4750.8999,4710.8999,4734.6217,4740.8999,2026-04-27 12:00
MGC.F,short,4712.5,4722.5,4682.5,4704.0875,4712.5,2026-04-27 15:00
MGC.F,short,4717.2002,4727.2002,4687.2002,4704.3226,4717.2002,2026-04-27 16:00
MGC.F,short,4733.2002,4743.2002,4703.2002,4707.9694,4733.2002,2026-04-27 17:00
MGC.F,short,4739.6001,4749.6001,4709.6001,4718.4681,4739.6001,2026-04-27 18:00
MGC.F,short,4740.7002,4750.7002,4710.7002,4728.4073,4740.7002,2026-04-27 19:00
MGC.F,short,4696.7998,4706.7998,4666.7998,4689.2726,4696.7998,2026-04-28 09:00
MGC.F,short,4607.0,4617.0,4577.0,4601.1608,4607.0,2026-04-29 04:00
MGC.F,short,4600.0,4610.0,4570.0,4594.0102,4600.0,2026-04-29 07:00
MGC.F,short,4606.2998,4616.2998,4576.2998,4597.7072,4606.2998,2026-04-29 08:00
MGC.F,long,4552.7002,4542.7002,4582.7002,4565.305,4552.7002,2026-04-30 10:00
MGC.F,long,4576.5,4566.5,4606.5,4589.5879,4576.5,2026-04-30 17:00
MGC.F,long,4567.6001,4557.6001,4597.6001,4587.9818,4567.6001,2026-04-30 18:00
MGC.F,long,4553.3999,4543.3999,4583.3999,4581.9868,4553.3999,2026-04-30 19:00
MGC.F,long,4623.1001,4613.1001,4653.1001,4653.7149,4623.1001,2026-05-01 05:00
MGC.F,long,4632.2002,4622.2002,4662.2002,4642.1666,4632.2002,2026-05-01 06:00
MGC.F,long,4628.0,4618.0,4658.0,4637.8981,4628.0,2026-05-01 07:00
MGC.F,short,4635.7998,4645.7998,4605.7998,4628.3972,4635.7998,2026-05-01 10:00
MGC.F,long,4631.7998,4621.7998,4661.7998,4641.6686,4631.7998,2026-05-01 15:00
MGC.F,long,4620.6001,4610.6001,4650.6001,4637.2473,4620.6001,2026-05-01 19:00
MGC.F,long,4616.3999,4606.3999,4646.3999,4630.8319,4616.3999,2026-05-01 20:00
MGC.F,long,4606.3999,4596.3999,4636.3999,4624.7635,4606.3999,2026-05-03 22:00
MGC.F,long,4589.7002,4579.7002,4619.7002,4616.6081,4589.7002,2026-05-03 23:00
MGC.F,long,4580.2998,4570.2998,4610.2998,4604.31,4580.2998,2026-05-04 00:00
MGC.F,long,4573.6001,4563.6001,4603.6001,4592.8314,4573.6001,2026-05-04 01:00
MGC.F,short,4643.7998,4653.7998,4613.7998,4617.7173,4643.7998,2026-05-04 06:00
MGC.F,short,4654.3999,4664.3999,4624.3999,4634.9378,4654.3999,2026-05-04 07:00
