date,symbol,direction,entry,exit,pnl,killzone
2026-02-25 12:45:00,MES.F,Long,6905.5000,6926.2500,600,London
2026-02-25 16:15:00,MES.F,Long,6923.5000,6943.5000,600,NY
2026-02-26 15:00:00,MES.F,Long,6953.5000,6913.2500,-200,London
2026-02-27 11:30:00,MES.F,Long,6902.7500,6881.2500,-200,London
2026-03-04 09:30:00,MES.F,Long,6797.2500,6818.2500,600,London
2026-03-04 14:30:00,MES.F,Long,6849.5000,6823.7500,-200,NY
2026-03-05 09:00:00,MES.F,Long,6862.5000,6887.5000,600,London
2026-03-06 09:15:00,MES.F,Long,6841.5000,6813.7500,-200,London
2026-03-06 15:30:00,MES.F,Short,6743.2500,6765.5000,-200,NY
2026-03-10 07:45:00,MES.F,Long,6798.5000,6819.2500,600,London
2026-03-10 11:30:00,MES.F,Long,6819.2500,6791.0000,-200,London
2026-03-11 15:15:00,MES.F,Long,6790.2500,6763.2500,-200,NY
2026-03-12 09:30:00,MES.F,Long,6734.2500,6755.2500,600,London
2026-03-17 07:30:00,MES.F,Long,6681.0000,6729.2500,600,London
2026-03-17 12:00:00,MES.F,Long,6729.2500,6760.2500,600,London
2026-03-18 12:00:00,MES.F,Long,6809.0000,6779.2500,-200,London
2026-03-18 14:15:00,MES.F,Short,6750.2500,6721.7500,600,NY
2026-03-20 09:15:00,MES.F,Long,6671.0000,6648.2500,-200,London
2026-03-20 18:15:00,MES.F,Short,6594.0000,6570.2500,600,NY
2026-03-24 08:15:00,MES.F,Long,6648.5000,6627.0000,-200,London
2026-03-25 08:00:00,MES.F,Long,6650.7500,6673.0000,600,London
2026-03-26 16:15:00,MES.F,Long,6603.2500,6566.7500,-200,NY
2026-03-27 17:15:00,MES.F,Short,6458.7500,6434.2500,600,NY
2026-03-31 10:30:00,MES.F,Long,6446.7500,6425.5000,-200,London
2026-03-31 13:45:00,MES.F,Long,6460.0000,6494.5000,600,NY
2026-04-01 08:00:00,MES.F,Long,6616.7500,6592.5000,-200,London
2026-04-02 11:15:00,MES.F,Long,6540.0000,6517.7500,-200,London
2026-04-07 08:15:00,MES.F,Long,6627.0000,6648.0000,600,London
2026-04-08 14:30:00,MES.F,Long,6826.0000,6799.5000,-200,London
2026-04-09 15:30:00,MES.F,Long,6806.0000,6838.5000,600,London
2026-04-10 14:15:00,MES.F,Long,6857.2500,6877.5000,600,London
2026-04-10 15:45:00,MES.F,Long,6877.5000,6856.5000,-200,NY
2026-04-14 13:30:00,MES.F,Long,6933.7500,6960.0000,600,London
2026-04-15 14:15:00,MES.F,Long,7005.5000,7030.7500,600,London
2026-04-16 14:15:00,MES.F,Long,7072.7500,7052.5000,-200,London
2026-04-17 12:00:00,MES.F,Long,7083.7500,7105.5000,600,London
2026-04-21 11:15:00,MES.F,Long,7157.5000,7178.7500,600,London
2026-04-21 14:45:00,MES.F,Long,7170.2500,7135.5000,-200,NY
2026-04-22 14:15:00,MES.F,Long,7144.0000,7164.2500,600,London
2026-04-23 12:00:00,MES.F,Long,7144.5000,7164.5000,600,London
2026-04-23 17:00:00,MES.F,Long,7163.7500,7134.5000,-200,NY
2026-04-24 11:15:00,MES.F,Long,7153.0000,7187.2500,600,London
2026-04-29 13:30:00,MES.F,Long,7177.5000,7153.2500,-200,London
2026-04-29 18:00:00,MES.F,Long,7168.0000,7143.7500,-200,NY
2026-05-01 13:30:00,MES.F,Long,7256.0000,7276.5000,600,London
2026-02-24 14:30:00,MYM.F,Long,48955.0000,49241.0000,600,London
2026-02-25 14:00:00,MYM.F,Long,49228.0000,49453.0000,600,London
2026-02-25 22:00:00,MYM.F,Long,49416.0000,0.0000,-200,NY
2026-02-26 13:00:00,MYM.F,Long,49429.0000,49646.0000,600,London
2026-02-27 13:15:00,MYM.F,Long,49302.0000,49045.0000,-200,London
2026-03-04 10:00:00,MYM.F,Long,48402.0000,48660.0000,600,London
2026-03-04 14:30:00,MYM.F,Long,48685.0000,48436.0000,-200,NY
2026-03-05 09:00:00,MYM.F,Long,48626.0000,48837.0000,600,London
2026-03-06 09:30:00,MYM.F,Long,48039.0000,47825.0000,-200,London
2026-03-06 14:30:00,MYM.F,Short,47340.0000,47095.0000,600,NY
2026-03-10 08:30:00,MYM.F,Long,47753.0000,47964.0000,600,London
2026-03-12 13:45:00,MYM.F,Long,47059.0000,46851.0000,-200,London
2026-03-13 14:45:00,MYM.F,Long,46985.0000,46772.0000,-200,NY
2026-03-18 12:00:00,MYM.F,Long,47608.0000,47396.0000,-200,London
2026-03-18 14:15:00,MYM.F,Short,47124.0000,46884.0000,600,NY
2026-03-20 09:45:00,MYM.F,Long,46452.0000,46172.0000,-200,London
2026-03-20 14:00:00,MYM.F,Long,46309.0000,46043.0000,-200,NY
2026-03-24 09:00:00,MYM.F,Long,46619.0000,46293.0000,-200,London
2026-03-24 15:00:00,MYM.F,Long,46351.0000,46573.0000,600,NY
2026-03-25 21:00:00,MYM.F,Long,46769.0000,0.0000,-200,London
2026-03-27 18:00:00,MYM.F,Short,45742.0000,45475.0000,600,NY
2026-03-31 16:30:00,MYM.F,Long,45919.0000,46360.0000,600,London
2026-04-01 21:00:00,MYM.F,Long,46871.0000,0.0000,-200,London
2026-04-02 11:45:00,MYM.F,Long,46328.0000,46122.0000,-200,London
2026-04-02 14:30:00,MYM.F,Long,46353.0000,46820.0000,600,NY
2026-04-07 09:15:00,MYM.F,Long,46810.0000,47017.0000,600,London
2026-04-08 11:15:00,MYM.F,Long,47881.0000,48127.0000,600,London
2026-04-08 14:45:00,MYM.F,Long,48117.0000,47873.0000,-200,NY
2026-04-09 15:45:00,MYM.F,Long,48028.0000,48299.0000,600,London
2026-04-10 16:15:00,MYM.F,Long,48330.0000,48126.0000,-200,London
2026-04-14 14:00:00,MYM.F,Long,48483.0000,48704.0000,600,London
2026-04-14 21:00:00,MYM.F,Long,48609.0000,0.0000,-200,NY
2026-04-15 14:45:00,MYM.F,Long,48757.0000,48539.0000,-200,London
2026-04-16 21:00:00,MYM.F,Long,48715.0000,0.0000,-200,London
2026-04-17 12:15:00,MYM.F,Long,48894.0000,49117.0000,600,London
2026-04-21 09:45:00,MYM.F,Long,49694.0000,49919.0000,600,London
2026-04-21 14:45:00,MYM.F,Long,49938.0000,49629.0000,-200,NY
2026-04-22 21:00:00,MYM.F,Long,49623.0000,0.0000,-200,London
2026-04-23 14:15:00,MYM.F,Long,49400.0000,49621.0000,600,London
2026-04-24 21:00:00,MYM.F,Long,49430.0000,0.0000,-200,London
2026-04-28 21:00:00,MYM.F,Long,49334.0000,0.0000,-200,London
2026-04-29 13:30:00,MYM.F,Long,49353.0000,49040.0000,-200,London
2026-04-30 10:15:00,MYM.F,Long,48764.0000,48987.0000,600,London
2026-05-01 18:30:00,MYM.F,Long,49905.0000,49697.0000,-200,London
2026-05-19 14:15:00,MBT.F,Short,76625.1000,76458.3000,600,NY
2026-05-21 07:45:00,MBT.F,Short,77730.1000,77893.9000,-200,London
2026-05-21 14:00:00,MBT.F,Short,77128.8000,77094.8000,600,NY
2026-05-21 14:15:00,MBT.F,Short,77094.8000,77062.7000,600,NY