datetime,open,high,low,close,volume
2026-02-23 08:00:00,65.62000274658203,65.6500015258789,65.62000274658203,65.6500015258789,0
2026-02-23 10:00:00,66.06999969482422,66.08000183105469,66.05999755859375,66.05999755859375,4631
2026-02-23 13:00:00,66.62999725341797,66.62999725341797,66.62999725341797,66.62999725341797,6803
2026-02-23 15:00:00,67.2300033569336,67.2300033569336,67.19999694824219,67.19999694824219,12130
2026-02-24 08:00:00,66.33999633789062,66.36000061035156,66.33999633789062,66.3499984741211,0
2026-02-24 13:00:00,66.98999786376953,67.0199966430664,66.9800033569336,67.0199966430664,14295
2026-02-24 15:00:00,65.88999938964844,65.91000366210938,65.81999969482422,65.83999633789062,18537
2026-02-24 18:00:00,66.01000213623047,66.0199966430664,66.01000213623047,66.0199966430664,17616
2026-02-25 08:00:00,65.91000366210938,65.91000366210938,65.9000015258789,65.9000015258789,1
2026-02-25 10:00:00,65.9000015258789,65.9000015258789,65.9000015258789,65.9000015258789,6408
2026-02-25 13:00:00,66.2699966430664,66.2699966430664,66.2699966430664,66.2699966430664,8168
2026-02-25 15:00:00,65.2699966430664,65.37000274658203,65.2699966430664,65.36000061035156,15637
2026-02-25 18:00:00,65.62999725341797,65.62999725341797,65.62999725341797,65.62999725341797,12587
2026-02-26 08:00:00,65.56999969482422,65.56999969482422,65.56999969482422,65.56999969482422,0
2026-02-26 10:00:00,64.44000244140625,64.44000244140625,64.41000366210938,64.41000366210938,9956
2026-02-26 13:00:00,64.1500015258789,64.16000366210938,64.13999938964844,64.16000366210938,14489
2026-02-26 15:00:00,65.66000366210938,65.66999816894531,65.63999938964844,65.63999938964844,23753
2026-02-26 18:00:00,65.5999984741211,65.62000274658203,65.58999633789062,65.61000061035156,47789
2026-02-27 08:00:00,65.93000030517578,65.94000244140625,65.93000030517578,65.93000030517578,4
2026-02-27 10:00:00,66.30999755859375,66.30999755859375,66.30000305175781,66.30999755859375,8836
2026-02-27 13:00:00,67.54000091552734,67.5999984741211,67.52999877929688,67.56999969482422,16692
2026-02-27 15:00:00,66.87999725341797,66.88999938964844,66.87000274658203,66.87000274658203,22003
2026-02-27 18:00:00,66.91999816894531,66.91999816894531,66.88999938964844,66.9000015258789,25087
2026-03-02 08:00:00,73.08000183105469,73.08999633789062,72.94000244140625,72.94000244140625,84600
2026-03-02 10:00:00,72.0,72.02999877929688,72.0,72.02999877929688,29692
2026-03-02 13:00:00,72.30000305175781,72.30000305175781,72.20999908447266,72.23999786376953,35299
2026-03-02 18:00:00,70.94999694824219,70.9800033569336,70.94999694824219,70.95999908447266,83865
2026-03-03 08:00:00,74.0,74.0,73.9000015258789,73.93000030517578,0
2026-03-03 10:00:00,75.83000183105469,75.88999938964844,75.83000183105469,75.88999938964844,28361
2026-03-03 13:00:00,76.3499984741211,76.3499984741211,76.30999755859375,76.31999969482422,89835
2026-03-03 15:00:00,77.51000213623047,77.52999877929688,77.4000015258789,77.45999908447266,63800
2026-03-03 18:00:00,74.3499984741211,74.38999938964844,74.33000183105469,74.37999725341797,89796
2026-03-04 08:00:00,76.91999816894531,76.94999694824219,76.83000183105469,76.87000274658203,0
2026-03-04 10:00:00,75.61000061035156,75.61000061035156,75.55000305175781,75.55999755859375,33347
2026-03-04 13:00:00,74.04000091552734,74.05999755859375,73.9000015258789,73.91999816894531,54998
2026-03-04 15:00:00,73.87999725341797,73.97000122070312,73.81999969482422,73.94000244140625,57038
2026-03-04 18:00:00,75.08000183105469,75.08999633789062,75.05999755859375,75.08000183105469,51219
2026-03-05 08:00:00,77.52999877929688,77.55999755859375,77.44999694824219,77.45999908447266,0
2026-03-05 10:00:00,76.2300033569336,76.25,76.19000244140625,76.2300033569336,38608
2026-03-05 13:00:00,77.05999755859375,77.11000061035156,77.02999877929688,77.04000091552734,35997
2026-03-05 15:00:00,78.87000274658203,78.87999725341797,78.83000183105469,78.86000061035156,51460
2026-03-05 18:00:00,80.81999969482422,80.83999633789062,80.80999755859375,80.83999633789062,87839
2026-03-06 08:00:00,81.52999877929688,81.58000183105469,81.5,81.5,16
2026-03-06 10:00:00,84.1500015258789,84.19000244140625,84.0999984741211,84.16000366210938,51547
2026-03-06 13:00:00,86.27999877929688,86.30000305175781,86.05999755859375,86.08000183105469,93286
2026-03-06 15:00:00,89.08000183105469,89.1500015258789,89.05999755859375,89.13999938964844,137063
2026-03-06 18:00:00,91.1500015258789,91.29000091552734,91.13999938964844,91.27999877929688,198258
2026-03-09 07:00:00,100.8000030517578,100.87000274658205,100.75,100.80999755859376,237700
2026-03-09 09:00:00,101.87999725341795,101.93000030517578,101.73999786376952,101.80999755859376,97134
2026-03-09 12:00:00,100.73999786376952,100.83000183105467,100.7300033569336,100.76000213623048,153010
2026-03-09 14:00:00,100.68000030517578,100.9000015258789,100.62000274658205,100.87999725341795,239385
2026-03-09 17:00:00,95.26000213623048,95.38999938964844,95.1999969482422,95.37999725341795,276153
2026-03-10 17:00:00,79.12000274658203,81.56999969482422,78.95999908447266,80.19000244140625,51212
2026-03-10 18:00:00,80.19999694824219,86.69000244140625,79.62999725341797,84.08000183105469,113053
2026-03-10 19:00:00,84.08000183105469,87.7699966430664,83.91000366210938,86.63999938964844,60764
2026-03-10 20:00:00,86.66000366210938,87.25,85.72000122070312,86.0999984741211,20693
2026-03-10 22:00:00,86.66999816894531,88.5999984741211,86.66999816894531,88.30999755859375,12058
2026-03-10 23:00:00,88.30999755859375,88.33999633789062,85.19000244140625,85.66000366210938,22489
2026-03-11 00:00:00,85.68000030517578,85.80000305175781,81.7699966430664,82.94000244140625,48266
2026-03-11 01:00:00,82.97000122070312,84.51000213623047,82.43000030517578,83.11000061035156,35634
2026-03-11 02:00:00,83.12000274658203,85.08000183105469,82.95999908447266,84.1500015258789,19851
2026-03-11 03:00:00,84.1500015258789,84.33999633789062,82.56999969482422,82.83999633789062,15136
2026-03-11 04:00:00,82.86000061035156,83.58000183105469,82.30999755859375,83.06999969482422,15349
2026-03-11 05:00:00,83.06999969482422,84.30000305175781,82.94999694824219,84.0,14889
2026-03-11 06:00:00,84.0,84.58000183105469,83.12999725341797,83.56999969482422,14264
2026-03-11 07:00:00,83.56999969482422,85.79000091552734,83.3499984741211,85.47000122070312,22977
2026-03-11 08:00:00,85.47000122070312,86.83999633789062,84.88999938964844,86.51000213623047,27551
2026-03-11 09:00:00,86.5199966430664,88.94999694824219,86.31999969482422,88.76000213623047,35734
2026-03-11 10:00:00,88.75,88.75,84.68000030517578,84.94000244140625,44948
2026-03-11 11:00:00,84.94999694824219,87.29000091552734,84.63999938964844,86.69999694824219,40147
2026-03-11 12:00:00,86.66999816894531,88.06999969482422,86.19000244140625,87.20999908447266,38280
2026-03-11 13:00:00,87.20999908447266,87.30000305175781,83.55000305175781,84.05000305175781,72418
2026-03-11 14:00:00,84.06999969482422,87.16999816894531,82.0,86.19999694824219,76376
2026-03-11 15:00:00,86.20999908447266,87.66000366210938,85.7699966430664,87.61000061035156,42257
2026-03-11 16:00:00,87.62000274658203,88.62000274658203,86.9000015258789,87.12999725341797,41599
2026-03-11 17:00:00,87.12999725341797,88.37000274658203,86.16999816894531,87.87000274658203,36237
2026-03-11 18:00:00,87.8499984741211,88.44000244140625,86.69000244140625,87.2699966430664,34151
2026-03-11 19:00:00,87.2699966430664,88.08000183105469,86.94000244140625,87.97000122070312,14799
2026-03-11 20:00:00,88.0,88.7300033569336,87.76000213623047,88.3499984741211,14509
2026-03-11 22:00:00,89.0,93.02999877929688,88.62000274658203,90.83000183105467,46434
2026-03-11 23:00:00,90.86000061035156,94.4000015258789,90.68000030517578,92.47000122070312,40413
2026-03-12 00:00:00,92.4499969482422,94.1999969482422,91.8000030517578,93.13999938964844,40203
2026-03-12 01:00:00,93.12999725341795,93.69000244140624,91.66999816894533,93.20999908447266,34775
2026-03-12 02:00:00,93.2300033569336,95.97000122070312,93.16999816894533,94.52999877929688,33940
2026-03-12 03:00:00,94.5500030517578,95.55999755859376,93.87000274658205,94.48999786376952,23488
2026-03-12 04:00:00,94.45999908447266,95.2300033569336,94.04000091552734,94.83000183105467,13763
2026-03-12 05:00:00,94.80999755859376,94.81999969482422,92.3499984741211,93.06999969482422,41118
2026-03-12 06:00:00,93.05999755859376,93.7300033569336,91.2699966430664,92.55999755859376,28129
2026-03-12 07:00:00,92.5500030517578,92.5500030517578,89.87999725341797,90.45999908447266,32007
2026-03-12 08:00:00,90.4499969482422,92.51000213623048,90.23999786376952,92.06999969482422,24024
2026-03-12 09:00:00,92.08000183105467,92.88999938964844,90.91999816894533,91.2300033569336,20937
2026-03-12 10:00:00,91.22000122070312,91.86000061035156,90.66999816894533,91.05999755859376,18688
2026-03-12 11:00:00,91.08000183105467,92.86000061035156,91.0199966430664,92.68000030517578,20097
2026-03-12 12:00:00,92.6500015258789,93.5999984741211,92.37999725341795,92.91000366210938,29375
2026-03-12 13:00:00,92.88999938964844,95.1999969482422,92.5500030517578,94.77999877929688,66340
2026-03-12 14:00:00,94.8000030517578,96.22000122070312,94.1999969482422,95.68000030517578,67423
2026-03-12 15:00:00,95.66999816894533,97.19000244140624,94.25,94.54000091552734,79689
2026-03-12 16:00:00,94.55999755859376,95.8000030517578,93.04000091552734,94.83999633789062,60410
2026-03-12 17:00:00,94.83000183105467,95.54000091552734,94.20999908447266,94.36000061035156,32380
2026-03-12 18:00:00,94.3499984741211,96.72000122070312,93.91999816894533,96.5500030517578,37390
2026-03-12 19:00:00,96.55999755859376,96.9800033569336,95.43000030517578,96.30999755859376,30227
2026-03-12 20:00:00,96.31999969482422,96.68000030517578,95.68000030517578,96.38999938964844,15994
2026-03-12 22:00:00,96.8000030517578,98.06999969482422,95.5,96.1999969482422,30988
2026-03-12 23:00:00,96.2300033569336,97.5199966430664,96.22000122070312,96.55999755859376,14517
2026-03-13 00:00:00,96.58000183105467,96.7699966430664,94.83000183105467,95.55999755859376,27827
2026-03-13 01:00:00,95.56999969482422,96.2300033569336,94.63999938964844,95.7300033569336,26852
2026-03-13 02:00:00,95.72000122070312,96.4800033569336,95.3000030517578,96.23999786376952,16851
2026-03-13 03:00:00,96.26000213623048,96.61000061035156,95.1999969482422,95.5,14506
2026-03-13 04:00:00,95.56999969482422,95.9000015258789,95.22000122070312,95.29000091552734,8323
2026-03-13 05:00:00,95.27999877929688,95.62000274658205,94.87999725341795,95.12999725341795,11678
2026-03-13 06:00:00,95.12000274658205,96.31999969482422,94.45999908447266,96.1999969482422,18091
2026-03-13 07:00:00,96.22000122070312,97.58999633789062,96.02999877929688,97.16999816894533,22824
2026-03-13 08:00:00,97.1500015258789,97.83000183105467,95.47000122070312,95.68000030517578,26410
2026-03-13 09:00:00,95.66000366210938,96.27999877929688,94.9800033569336,95.7699966430664,19423
2026-03-13 10:00:00,95.76000213623048,95.93000030517578,93.37000274658205,93.68000030517578,24453
2026-03-13 11:00:00,93.6500015258789,95.0500030517578,93.11000061035156,93.4499969482422,29658
2026-03-13 12:00:00,93.4499969482422,94.38999938964844,92.0199966430664,93.56999969482422,44486
2026-03-13 13:00:00,93.58000183105467,94.58000183105467,92.9000015258789,94.44000244140624,51902
2026-03-13 14:00:00,94.4499969482422,95.75,94.01000213623048,95.62000274658205,39575
2026-03-13 15:00:00,95.63999938964844,96.83000183105467,95.38999938964844,96.38999938964844,41777
2026-03-13 16:00:00,96.4000015258789,97.5500030517578,96.20999908447266,96.88999938964844,37578
2026-03-13 17:00:00,96.87000274658205,98.23999786376952,96.37999725341795,97.9800033569336,33067
2026-03-13 18:00:00,97.97000122070312,99.31999969482422,96.9499969482422,97.4499969482422,56294
2026-03-13 19:00:00,97.47000122070312,98.3499984741211,97.2300033569336,98.20999908447266,23616
2026-03-13 20:00:00,98.19000244140624,99.33000183105467,98.18000030517578,98.70999908447266,23099
2026-03-15 22:00:00,101.56999969482422,101.7699966430664,99.3499984741211,99.58000183105467,40760
2026-03-15 23:00:00,99.58999633789062,100.4499969482422,98.38999938964844,98.7699966430664,34756
2026-03-16 00:00:00,98.79000091552734,98.9000015258789,97.3000030517578,97.5,25820
2026-03-16 01:00:00,97.4800033569336,98.8000030517578,96.72000122070312,98.5,28646
2026-03-16 02:00:00,98.48999786376952,99.37000274658205,98.0999984741211,98.91999816894533,24117
2026-03-16 03:00:00,98.93000030517578,99.33999633789062,98.52999877929688,99.2300033569336,15176
2026-03-16 04:00:00,99.2699966430664,99.77999877929688,99.18000030517578,99.52999877929688,9065
2026-03-16 05:00:00,99.5199966430664,99.73999786376952,98.30999755859376,98.44000244140624,15047
2026-03-16 06:00:00,98.4499969482422,99.6999969482422,98.0999984741211,98.9000015258789,15646
2026-03-16 07:00:00,98.91999816894533,101.02999877929688,98.56999969482422,100.5,19997
2026-03-16 08:00:00,100.5,100.9000015258789,99.54000091552734,99.79000091552734,17762
2026-03-16 09:00:00,99.7699966430664,100.26000213623048,98.62000274658205,99.13999938964844,15083
2026-03-16 10:00:00,99.0999984741211,99.3000030517578,96.66000366210938,96.8000030517578,24897
2026-03-16 11:00:00,96.83000183105467,97.81999969482422,96.66999816894533,97.0,21433
2026-03-16 12:00:00,97.01000213623048,97.4000015258789,94.52999877929688,95.26000213623048,47647
2026-03-16 13:00:00,95.26000213623048,95.68000030517578,92.98999786376952,93.33999633789062,57800
2026-03-16 14:00:00,93.33000183105467,95.44000244140624,93.01000213623048,95.1500015258789,51111
2026-03-16 15:00:00,95.16999816894533,95.76000213623048,94.52999877929688,95.45999908447266,34535
2026-03-16 16:00:00,95.47000122070312,96.56999969482422,94.87000274658205,95.56999969482422,32876
2026-03-16 17:00:00,95.55999755859376,95.5999984741211,93.73999786376952,94.29000091552734,35330
2026-03-16 18:00:00,94.3000030517578,94.56999969482422,92.9499969482422,93.48999786376952,31669
2026-03-16 19:00:00,93.48999786376952,94.77999877929688,92.94000244140624,93.38999938964844,24599
2026-03-16 20:00:00,93.37000274658205,94.41999816894533,93.05999755859376,94.20999908447266,18813
2026-03-16 22:00:00,94.3499984741211,95.31999969482422,93.79000091552734,94.9499969482422,8313
2026-03-16 23:00:00,94.9499969482422,95.3000030517578,94.47000122070312,94.94000244140624,8009
2026-03-17 00:00:00,94.91999816894533,96.37000274658205,94.8499984741211,95.88999938964844,13305
2026-03-17 01:00:00,95.9000015258789,96.1999969482422,95.19000244140624,95.83000183105467,16964
2026-03-17 02:00:00,95.83000183105467,96.16000366210938,95.55999755859376,95.97000122070312,8556
2026-03-17 03:00:00,95.97000122070312,96.33000183105467,95.72000122070312,96.0,8550
2026-03-17 04:00:00,96.02999877929688,96.27999877929688,95.41999816894533,95.83999633789062,5626
2026-03-17 05:00:00,95.8499984741211,98.0,95.22000122070312,97.80999755859376,13493
2026-03-17 06:00:00,97.81999969482422,98.4499969482422,97.01000213623048,97.5,17683
2026-03-17 07:00:00,97.51000213623048,97.75,96.5,96.88999938964844,10505
2026-03-17 08:00:00,96.88999938964844,97.91000366210938,96.72000122070312,97.4499969482422,10030
2026-03-17 09:00:00,97.4499969482422,97.4499969482422,95.61000061035156,95.87999725341795,10313
2026-03-17 10:00:00,95.91000366210938,96.91000366210938,95.87999725341795,96.19000244140624,7613
2026-03-17 11:00:00,96.18000030517578,97.04000091552734,96.16000366210938,96.91000366210938,6703
2026-03-17 12:00:00,96.9000015258789,97.01000213623048,95.11000061035156,95.11000061035156,17434
2026-03-17 13:00:00,95.12999725341795,95.37000274658205,93.9000015258789,95.11000061035156,26220
2026-03-17 14:00:00,95.12000274658205,95.56999969482422,93.8000030517578,94.20999908447266,24032
2026-03-17 15:00:00,94.22000122070312,95.9800033569336,93.9000015258789,95.66999816894533,21147
2026-03-17 16:00:00,95.66999816894533,95.83999633789062,94.3499984741211,95.05999755859376,17819
2026-03-17 17:00:00,95.0500030517578,96.06999969482422,94.9800033569336,95.7699966430664,15223
2026-03-17 18:00:00,95.73999786376952,96.37000274658205,95.36000061035156,95.95999908447266,11367
2026-03-17 19:00:00,95.97000122070312,96.3499984741211,95.6500015258789,96.1500015258789,7406
2026-03-17 20:00:00,96.1500015258789,96.33000183105467,95.83000183105467,96.0199966430664,4793
2026-03-17 22:00:00,96.02999877929688,96.5,94.79000091552734,95.87000274658205,4232
2026-03-17 23:00:00,95.86000061035156,96.33999633789062,95.63999938964844,95.9800033569336,2481
2026-03-18 00:00:00,95.94000244140624,96.0,94.62000274658205,94.83000183105467,3688
2026-03-18 01:00:00,94.80999755859376,95.1999969482422,94.43000030517578,94.9800033569336,2368
2026-03-18 02:00:00,94.9499969482422,95.20999908447266,94.0,94.5500030517578,2097
2026-03-18 03:00:00,94.54000091552734,94.66000366210938,93.11000061035156,93.25,2805
2026-03-18 04:00:00,93.16999816894533,93.33000183105467,92.81999969482422,93.20999908447266,3583
2026-03-18 05:00:00,93.16000366210938,93.58000183105467,92.44000244140624,92.6500015258789,3055
2026-03-18 06:00:00,92.66999816894533,93.37999725341795,91.9499969482422,93.2300033569336,3035
2026-03-18 07:00:00,93.16999816894533,93.69000244140624,92.91000366210938,93.23999786376952,81887
2026-03-18 08:00:00,93.26000213623048,94.26000213623048,93.16000366210938,93.8499984741211,11045
2026-03-18 09:00:00,93.83999633789062,94.5,93.69000244140624,94.30999755859376,8996
2026-03-18 10:00:00,94.30999755859376,94.56999969482422,93.98999786376952,94.30999755859376,6403
2026-03-18 11:00:00,94.3000030517578,95.5500030517578,93.87000274658205,94.54000091552734,19137
2026-03-18 12:00:00,94.51000213623048,97.33999633789062,94.4499969482422,97.16000366210938,46474
2026-03-18 13:00:00,97.1500015258789,98.22000122070312,96.80999755859376,98.02999877929688,46258
2026-03-18 14:00:00,98.04000091552734,98.66999816894533,97.36000061035156,98.0199966430664,29255
2026-03-18 15:00:00,98.02999877929688,98.37999725341795,96.91000366210938,97.18000030517578,28931
2026-03-18 16:00:00,97.19000244140624,97.51000213623048,96.54000091552734,97.08000183105467,22100
2026-03-18 17:00:00,97.05999755859376,97.4000015258789,95.01000213623048,95.20999908447266,25018
2026-03-18 18:00:00,95.18000030517578,96.5,94.22000122070312,96.2699966430664,36195
2026-03-18 19:00:00,96.27999877929688,98.0,95.86000061035156,97.66000366210938,18384
2026-03-18 20:00:00,97.66999816894533,99.7699966430664,97.58000183105467,99.06999969482422,26672
2026-03-18 22:00:00,98.25,98.76000213623048,97.47000122070312,98.19000244140624,12143
2026-03-18 23:00:00,98.16999816894533,98.58999633789062,97.31999969482422,98.31999969482422,18064
2026-03-19 00:00:00,98.30999755859376,99.16999816894533,98.16999816894533,98.33999633789062,24208
2026-03-19 01:00:00,98.37000274658205,98.6500015258789,97.41999816894533,98.0500030517578,22059
2026-03-19 02:00:00,98.0500030517578,98.26000213623048,95.75,96.1999969482422,31991
2026-03-19 03:00:00,96.20999908447266,96.55999755859376,95.8499984741211,96.37999725341795,13514
2026-03-19 04:00:00,96.48999786376952,96.8499984741211,96.26000213623048,96.5199966430664,8917
2026-03-19 05:00:00,96.5199966430664,97.26000213623048,95.95999908447266,96.47000122070312,18802
2026-03-19 06:00:00,96.4499969482422,96.80999755859376,96.0500030517578,96.33999633789062,16960
2026-03-19 07:00:00,96.3499984741211,96.98999786376952,95.31999969482422,96.7699966430664,25233
2026-03-19 08:00:00,96.77999877929688,97.29000091552734,95.81999969482422,96.80999755859376,24923
2026-03-19 09:00:00,96.79000091552734,98.9499969482422,94.41999816894533,95.16999816894533,51379
2026-03-19 10:00:00,95.16999816894533,96.48999786376952,94.86000061035156,96.23999786376952,23343
2026-03-19 11:00:00,96.23999786376952,97.73999786376952,95.94000244140624,96.6500015258789,22475
2026-03-19 12:00:00,96.6500015258789,96.95999908447266,95.29000091552734,96.29000091552734,40816
2026-03-19 13:00:00,96.3000030517578,97.23999786376952,95.38999938964844,96.11000061035156,59393
2026-03-19 14:00:00,96.0999984741211,97.23999786376952,95.79000091552734,96.5,37574
2026-03-19 15:00:00,96.48999786376952,100.48999786376952,95.6999969482422,98.0500030517578,75790
2026-03-19 16:00:00,98.06999969482422,98.68000030517578,96.63999938964844,97.16000366210938,49323
2026-03-19 17:00:00,97.12999725341795,97.3000030517578,95.12000274658205,95.79000091552734,34621
2026-03-19 18:00:00,95.8000030517578,96.23999786376952,94.06999969482422,94.9800033569336,36287
2026-03-19 19:00:00,94.98999786376952,95.29000091552734,92.11000061035156,94.23999786376952,53953
2026-03-19 20:00:00,94.23999786376952,94.80999755859376,93.95999908447266,94.58999633789062,15223
2026-03-19 22:00:00,94.54000091552734,94.87000274658205,93.91999816894533,93.9499969482422,5288
2026-03-19 23:00:00,93.95999908447266,94.1500015258789,93.5999984741211,93.9499969482422,7173
2026-03-20 00:00:00,93.97000122070312,94.44000244140624,93.41000366210938,94.1999969482422,12195
2026-03-20 01:00:00,94.16999816894533,94.33999633789062,92.4499969482422,92.97000122070312,19749
2026-03-20 02:00:00,92.9800033569336,93.72000122070312,92.83000183105467,93.66000366210938,9586
2026-03-20 03:00:00,93.63999938964844,94.1500015258789,93.37000274658205,93.83000183105467,7046
2026-03-20 04:00:00,93.86000061035156,94.08000183105467,93.4000015258789,94.0500030517578,5552
2026-03-20 05:00:00,94.05999755859376,94.2300033569336,93.2699966430664,93.4499969482422,7491
2026-03-20 06:00:00,93.43000030517578,94.75,93.43000030517578,94.48999786376952,9014
2026-03-20 07:00:00,94.5,94.7699966430664,93.54000091552734,93.68000030517578,8872
2026-03-20 08:00:00,93.66999816894533,95.5199966430664,93.29000091552734,95.45999908447266,18423
2026-03-20 09:00:00,95.47000122070312,96.16000366210938,95.08999633789062,95.87000274658205,16842
2026-03-20 10:00:00,95.88999938964844,96.43000030517578,95.29000091552734,95.45999908447266,13466
2026-03-20 11:00:00,95.41999816894533,95.5199966430664,94.05999755859376,94.16999816894533,19341
2026-03-20 12:00:00,94.18000030517578,95.22000122070312,93.9000015258789,95.01000213623048,23499
2026-03-20 13:00:00,95.0,96.2300033569336,94.73999786376952,96.02999877929688,31189
2026-03-20 14:00:00,96.0199966430664,97.05999755859376,95.25,96.83999633789062,32159
2026-03-20 15:00:00,96.83999633789062,97.0500030517578,95.6999969482422,96.56999969482422,31421
2026-03-20 16:00:00,96.55999755859376,97.77999877929688,96.22000122070312,97.54000091552734,24851
2026-03-20 17:00:00,97.54000091552734,98.51000213623048,97.3499984741211,98.02999877929688,31261
2026-03-20 18:00:00,98.02999877929688,98.76000213623048,96.91999816894533,98.58999633789062,45287
2026-03-20 19:00:00,98.5999984741211,98.7699966430664,97.43000030517578,97.4800033569336,21114
2026-03-20 20:00:00,97.4800033569336,98.25,97.44000244140624,98.2300033569336,10988
2026-03-22 22:00:00,98.54000091552734,98.98999786376952,96.70999908447266,98.11000061035156,38178
2026-03-22 23:00:00,98.08999633789062,98.79000091552734,97.81999969482422,98.61000061035156,10275
2026-03-23 00:00:00,98.58999633789062,98.93000030517578,97.87999725341795,98.16000366210938,9742
2026-03-23 01:00:00,98.16999816894533,98.75,98.0,98.58000183105467,11355
2026-03-23 02:00:00,98.56999969482422,99.1500015258789,98.41000366210938,98.9000015258789,10081
2026-03-23 03:00:00,98.88999938964844,99.31999969482422,98.87000274658205,99.20999908447266,6322
2026-03-23 04:00:00,99.1999969482422,99.3000030517578,98.77999877929688,98.9000015258789,4935
2026-03-23 05:00:00,98.88999938964844,98.98999786376952,97.9499969482422,98.5,10605
2026-03-23 06:00:00,98.5,100.81999969482422,98.38999938964844,100.5500030517578,25796
2026-03-23 07:00:00,100.55999755859376,101.66999816894533,100.31999969482422,101.12000274658205,13669
2026-03-23 08:00:00,101.0999984741211,101.0999984741211,99.31999969482422,99.36000061035156,21215
2026-03-23 09:00:00,99.33999633789062,99.44000244140624,98.11000061035156,98.9000015258789,15564
2026-03-23 10:00:00,98.87999725341795,99.41999816894533,97.4000015258789,98.5999984741211,14999
2026-03-23 11:00:00,98.58999633789062,98.7699966430664,84.36000061035156,92.5199966430664,98364
2026-03-23 12:00:00,92.5199966430664,93.30999755859376,88.56999969482422,89.37000274658203,69924
2026-03-23 13:00:00,89.36000061035156,91.2699966430664,88.12000274658203,89.13999938964844,70612
2026-03-23 14:00:00,89.13999938964844,90.31999969482422,87.95999908447266,89.2699966430664,50531
2026-03-23 15:00:00,89.26000213623047,90.83000183105467,85.41999816894531,90.4800033569336,93936
2026-03-23 16:00:00,90.47000122070312,91.87000274658205,89.11000061035156,89.6500015258789,56353
2026-03-23 17:00:00,89.6500015258789,90.30999755859376,88.48999786376953,88.69999694824219,32811
2026-03-23 18:00:00,88.66999816894531,89.5199966430664,86.70999908447266,87.69999694824219,37688
2026-03-23 19:00:00,87.68000030517578,88.8499984741211,87.43000030517578,88.72000122070312,16474
2026-03-23 20:00:00,88.72000122070312,89.48999786376953,88.3499984741211,88.91999816894531,9715
2026-03-23 22:00:00,88.94000244140625,89.52999877929688,88.41000366210938,89.11000061035156,5095
2026-03-23 23:00:00,89.12000274658203,89.62000274658203,88.4800033569336,89.44000244140625,8203
2026-03-24 00:00:00,89.43000030517578,91.0199966430664,89.33999633789062,90.41999816894533,21060
2026-03-24 01:00:00,90.41999816894533,91.9000015258789,90.38999938964844,91.5199966430664,14981
2026-03-24 02:00:00,91.51000213623048,92.0,90.9499969482422,91.25,14344
2026-03-24 03:00:00,91.2699966430664,91.87000274658205,91.25,91.68000030517578,5711
2026-03-24 04:00:00,91.62000274658205,92.05999755859376,91.4800033569336,91.51000213623048,5726
2026-03-24 05:00:00,91.52999877929688,92.27999877929688,91.23999786376952,91.58999633789062,9932
2026-03-24 06:00:00,91.58000183105467,91.66000366210938,90.61000061035156,90.83000183105467,14027
2026-03-24 07:00:00,90.83999633789062,91.08999633789062,89.38999938964844,89.43000030517578,16057
2026-03-24 08:00:00,89.44999694824219,90.83000183105467,89.11000061035156,90.54000091552734,18601
2026-03-24 09:00:00,90.5500030517578,91.44000244140624,90.26000213623048,90.4000015258789,11261
2026-03-24 10:00:00,90.41999816894533,90.6500015258789,89.41999816894531,90.37999725341795,13015
2026-03-24 11:00:00,90.37999725341795,91.43000030517578,89.97000122070312,90.86000061035156,12662
2026-03-24 12:00:00,90.83000183105467,92.1999969482422,90.7699966430664,91.80999755859376,18863
2026-03-24 13:00:00,91.81999969482422,92.69000244140624,91.41999816894533,92.06999969482422,32459
2026-03-24 14:00:00,92.08000183105467,92.30999755859376,90.51000213623048,91.16000366210938,39703
2026-03-24 15:00:00,91.1500015258789,92.38999938964844,90.56999969482422,92.20999908447266,25172
2026-03-24 16:00:00,92.23999786376952,92.87999725341795,91.91000366210938,92.62999725341795,20875
2026-03-24 17:00:00,92.66000366210938,93.36000061035156,91.19000244140624,91.7699966430664,31453
2026-03-24 18:00:00,91.7699966430664,92.62999725341795,90.95999908447266,91.7699966430664,33013
2026-03-24 19:00:00,91.7699966430664,91.98999786376952,91.16999816894533,91.9000015258789,13405
2026-03-24 20:00:00,91.9000015258789,91.9499969482422,86.33000183105469,88.48999786376953,46474
2026-03-24 22:00:00,88.48999786376953,89.37000274658203,87.80000305175781,88.76000213623047,11555
2026-03-24 23:00:00,88.75,89.0,88.51000213623047,88.87000274658203,6672
2026-03-25 00:00:00,88.88999938964844,89.0,86.69999694824219,87.79000091552734,29181
2026-03-25 01:00:00,87.77999877929688,88.08999633789062,86.77999877929688,87.58000183105469,18415
2026-03-25 02:00:00,87.58999633789062,89.1500015258789,87.31999969482422,89.01000213623047,12057
2026-03-25 03:00:00,89.01000213623047,89.25,88.37000274658203,88.94999694824219,9511
2026-03-25 04:00:00,88.95999908447266,89.0999984741211,88.26000213623047,88.36000061035156,6025
2026-03-25 05:00:00,88.31999969482422,89.36000061035156,88.31999969482422,89.16999816894531,5839
2026-03-25 06:00:00,89.16000366210938,89.56999969482422,88.91000366210938,89.22000122070312,6473
2026-03-25 07:00:00,89.19999694824219,89.2699966430664,88.23999786376953,88.37000274658203,9314
2026-03-25 08:00:00,88.37999725341797,88.54000091552734,86.5999984741211,87.62000274658203,20898
2026-03-25 09:00:00,87.62000274658203,88.79000091552734,87.18000030517578,87.69999694824219,13984
2026-03-25 10:00:00,87.69999694824219,87.93000030517578,86.91000366210938,87.0999984741211,14359
2026-03-25 11:00:00,87.08999633789062,87.98999786376953,86.45999908447266,87.26000213623047,17083
2026-03-25 12:00:00,87.2300033569336,89.38999938964844,87.04000091552734,88.44999694824219,34188
2026-03-25 13:00:00,88.44999694824219,88.83000183105469,87.43000030517578,88.69999694824219,33207
2026-03-25 14:00:00,88.70999908447266,89.19000244140625,88.25,89.02999877929688,24770
2026-03-25 15:00:00,89.02999877929688,90.4000015258789,88.80999755859375,90.3499984741211,26462
2026-03-25 16:00:00,90.36000061035156,90.69000244140624,89.37999725341797,90.1999969482422,25343
2026-03-25 17:00:00,90.19000244140624,90.9499969482422,89.22000122070312,90.30999755859376,25391
2026-03-25 18:00:00,90.3000030517578,91.37999725341795,89.9000015258789,91.22000122070312,18166
2026-03-25 19:00:00,91.23999786376952,91.70999908447266,90.5500030517578,90.97000122070312,11514
2026-03-25 20:00:00,90.93000030517578,91.5,90.87000274658205,91.30999755859376,5524
2026-03-25 22:00:00,91.3499984741211,91.5,90.86000061035156,90.9800033569336,3768
2026-03-25 23:00:00,90.97000122070312,91.2300033569336,90.6999969482422,91.06999969482422,3198
2026-03-26 00:00:00,91.06999969482422,91.5999984741211,90.94000244140624,91.2300033569336,9954
2026-03-26 01:00:00,91.22000122070312,91.62000274658205,90.9499969482422,91.27999877929688,8668
2026-03-26 02:00:00,91.3000030517578,91.9800033569336,91.06999969482422,91.88999938964844,8439
2026-03-26 03:00:00,91.9000015258789,92.08999633789062,91.55999755859376,91.72000122070312,6255
2026-03-26 04:00:00,91.7300033569336,92.1500015258789,91.62000274658205,92.06999969482422,3792
2026-03-26 05:00:00,92.06999969482422,92.41999816894533,91.91000366210938,92.33999633789062,7217
2026-03-26 06:00:00,92.3499984741211,92.5,92.08000183105467,92.30999755859376,5609
2026-03-26 07:00:00,92.29000091552734,93.3499984741211,92.29000091552734,93.0500030517578,11035
2026-03-26 08:00:00,93.02999877929688,94.12000274658205,92.68000030517578,93.66000366210938,13889
2026-03-26 09:00:00,93.6500015258789,93.95999908447266,93.19000244140624,93.51000213623048,8694
2026-03-26 10:00:00,93.51000213623048,93.7300033569336,92.6500015258789,93.2300033569336,11885
2026-03-26 11:00:00,93.23999786376952,94.83000183105467,93.02999877929688,94.66999816894533,11918
2026-03-26 12:00:00,94.68000030517578,94.81999969482422,93.95999908447266,94.41999816894533,15777
2026-03-26 13:00:00,94.44000244140624,94.47000122070312,92.6999969482422,92.83000183105467,33432
2026-03-26 14:00:00,92.8499984741211,94.19000244140624,92.3499984741211,93.6999969482422,38671
2026-03-26 15:00:00,93.68000030517578,94.75,93.5,94.58999633789062,26435
2026-03-26 16:00:00,94.5999984741211,95.23999786376952,94.31999969482422,94.70999908447266,20688
2026-03-26 17:00:00,94.6999969482422,95.47000122070312,94.5999984741211,95.22000122070312,14532
2026-03-26 18:00:00,95.23999786376952,95.29000091552734,94.05999755859376,94.33000183105467,17043
2026-03-26 19:00:00,94.33999633789062,94.66000366210938,93.94000244140624,94.12000274658205,8395
2026-03-26 20:00:00,94.12999725341795,94.45999908447266,89.5199966430664,93.75,36367
2026-03-26 22:00:00,93.4000015258789,93.75,92.94000244140624,93.25,4483
2026-03-26 23:00:00,93.25,93.4800033569336,93.02999877929688,93.25,4057
2026-03-27 00:00:00,93.25,94.16000366210938,92.73999786376952,94.05999755859376,14682
2026-03-27 01:00:00,94.05999755859376,94.2300033569336,92.9800033569336,93.05999755859376,12293
2026-03-27 02:00:00,93.0500030517578,93.58000183105467,92.08999633789062,93.4000015258789,11342
2026-03-27 03:00:00,93.37999725341795,93.8000030517578,93.33999633789062,93.45999908447266,5015
2026-03-27 04:00:00,93.5,93.87999725341795,93.4499969482422,93.81999969482422,2934
2026-03-27 05:00:00,93.81999969482422,94.0999984741211,93.52999877929688,94.0999984741211,4928
2026-03-27 06:00:00,94.05999755859376,94.44000244140624,93.66000366210938,94.3499984741211,6815
2026-03-27 07:00:00,94.33000183105467,95.47000122070312,94.20999908447266,95.08999633789062,12254
2026-03-27 08:00:00,95.08999633789062,96.31999969482422,94.8499984741211,96.08999633789062,13032
2026-03-27 09:00:00,96.08999633789062,96.76000213623048,95.7699966430664,96.12000274658205,11212
2026-03-27 10:00:00,96.0999984741211,97.13999938964844,95.77999877929688,97.0199966430664,9502
2026-03-27 11:00:00,97.02999877929688,97.2300033569336,96.26000213623048,96.63999938964844,11190
2026-03-27 12:00:00,96.63999938964844,97.25,96.43000030517578,96.8000030517578,13584
2026-03-27 13:00:00,96.77999877929688,97.87000274658205,96.55999755859376,97.7699966430664,27297
2026-03-27 14:00:00,97.75,98.37000274658205,96.86000061035156,98.16000366210938,28839
2026-03-27 15:00:00,98.16999816894533,98.19000244140624,96.9000015258789,97.9800033569336,29050
2026-03-27 16:00:00,97.9800033569336,98.91999816894533,97.6999969482422,98.8000030517578,21371
2026-03-27 17:00:00,98.8000030517578,98.83000183105467,98.08999633789062,98.58000183105467,16101
2026-03-27 18:00:00,98.5999984741211,100.05999755859376,98.5500030517578,99.18000030517578,33296
2026-03-27 19:00:00,99.16999816894533,100.54000091552734,98.81999969482422,99.66999816894533,26811
2026-03-27 20:00:00,99.6500015258789,101.22000122070312,99.0,101.0999984741211,23361
2026-03-29 22:00:00,103.01000213623048,103.1500015258789,102.01000213623048,102.11000061035156,15388
2026-03-29 23:00:00,102.12999725341795,102.91999816894533,101.83999633789062,102.8000030517578,13335
2026-03-30 00:00:00,102.80999755859376,103.1500015258789,101.01000213623048,103.0199966430664,29540
2026-03-30 01:00:00,103.02999877929688,103.20999908447266,101.72000122070312,101.98999786376952,17547
2026-03-30 02:00:00,101.98999786376952,103.0500030517578,101.1500015258789,101.66000366210938,17416
2026-03-30 03:00:00,101.66999816894533,101.75,100.2300033569336,101.62000274658205,25450
2026-03-30 04:00:00,101.56999969482422,101.58999633789062,101.05999755859376,101.4800033569336,8249
2026-03-30 05:00:00,101.48999786376952,101.54000091552734,100.5199966430664,100.86000061035156,10558
2026-03-30 06:00:00,100.83999633789062,101.7699966430664,100.41000366210938,101.58999633789062,9670
2026-03-30 07:00:00,101.58999633789062,102.1999969482422,101.13999938964844,101.68000030517578,11773
2026-03-30 08:00:00,101.68000030517578,102.5,100.66999816894533,101.08000183105467,13501
2026-03-30 09:00:00,101.0500030517578,101.8499984741211,100.76000213623048,101.5999984741211,8252
2026-03-30 10:00:00,101.5999984741211,102.0500030517578,101.3000030517578,101.6999969482422,5695
2026-03-30 11:00:00,101.69000244140624,101.77999877929688,99.25,101.11000061035156,19681
2026-03-30 12:00:00,101.0999984741211,101.4800033569336,100.5,100.68000030517578,15967
2026-03-30 13:00:00,100.68000030517578,102.87000274658205,99.97000122070312,102.41999816894533,35095
2026-03-30 14:00:00,102.41000366210938,102.52999877929688,101.33000183105467,102.06999969482422,28001
2026-03-30 15:00:00,102.0500030517578,103.0199966430664,101.5,102.95999908447266,27192
2026-03-30 16:00:00,102.95999908447266,103.86000061035156,102.4499969482422,102.93000030517578,24535
2026-03-30 17:00:00,102.91999816894533,103.75,102.69000244140624,103.36000061035156,17187
2026-03-30 18:00:00,103.37000274658205,103.41999816894533,102.33000183105467,103.31999969482422,16934
2026-03-30 19:00:00,103.30999755859376,104.33999633789062,103.13999938964844,104.12000274658205,14588
2026-03-30 20:00:00,104.12000274658205,105.38999938964844,104.12000274658205,104.98999786376952,14390
2026-03-30 22:00:00,105.0,105.69000244140624,104.37999725341795,105.55999755859376,6402
2026-03-30 23:00:00,105.58000183105467,106.87999725341795,105.51000213623048,106.19000244140624,18565
2026-03-31 00:00:00,106.19000244140624,106.5500030517578,104.0500030517578,104.0500030517578,29964
2026-03-31 01:00:00,104.05999755859376,104.75,100.83000183105467,101.70999908447266,44346
2026-03-31 02:00:00,101.68000030517578,102.58999633789062,101.41999816894533,102.26000213623048,18129
2026-03-31 03:00:00,102.25,103.18000030517578,101.5500030517578,102.97000122070312,12803
2026-03-31 04:00:00,102.97000122070312,103.12999725341795,102.58000183105467,102.80999755859376,5783
2026-03-31 05:00:00,102.79000091552734,103.44000244140624,102.45999908447266,102.7300033569336,8871
2026-03-31 06:00:00,102.72000122070312,103.05999755859376,102.4499969482422,102.6500015258789,6175
2026-03-31 07:00:00,102.6500015258789,103.44000244140624,101.79000091552734,102.04000091552734,11204
2026-03-31 08:00:00,102.04000091552734,102.9000015258789,101.91999816894533,102.47000122070312,10888
2026-03-31 09:00:00,102.47000122070312,104.30999755859376,101.2699966430664,104.19000244140624,18798
2026-03-31 10:00:00,104.19000244140624,104.98999786376952,103.66999816894533,104.81999969482422,15029
2026-03-31 11:00:00,104.80999755859376,105.23999786376952,102.54000091552734,102.80999755859376,28723
2026-03-31 12:00:00,102.81999969482422,104.02999877929688,102.27999877929688,103.16000366210938,28238
2026-03-31 13:00:00,103.16999816894533,103.88999938964844,102.1999969482422,102.47000122070312,27931
2026-03-31 14:00:00,102.47000122070312,104.4000015258789,102.0999984741211,104.29000091552734,31497
2026-03-31 15:00:00,104.27999877929688,104.7699966430664,103.51000213623048,104.62999725341795,31751
2026-03-31 16:00:00,104.62999725341795,105.05999755859376,100.0,101.81999969482422,68231
2026-03-31 17:00:00,101.83000183105467,102.63999938964844,99.62999725341795,102.43000030517578,65107
2026-03-31 18:00:00,102.44000244140624,102.51000213623048,100.81999969482422,102.33000183105467,31947
2026-03-31 19:00:00,102.3499984741211,102.5,101.63999938964844,102.08000183105467,11162
2026-03-31 20:00:00,102.08999633789062,102.16000366210938,100.68000030517578,101.5199966430664,11498
2026-03-31 22:00:00,101.62999725341795,102.87999725341795,101.48999786376952,102.1999969482422,8450
2026-03-31 23:00:00,102.16999816894533,102.25,101.61000061035156,101.61000061035156,6625
2026-04-01 00:00:00,101.62999725341795,102.58000183105467,101.5500030517578,102.13999938964844,10497
2026-04-01 01:00:00,102.1500015258789,103.18000030517578,101.87000274658205,102.97000122070312,13306
2026-04-01 02:00:00,102.97000122070312,103.33000183105467,102.54000091552734,103.18000030517578,6658
2026-04-01 03:00:00,103.18000030517578,103.30999755859376,102.8000030517578,102.91000366210938,6128
2026-04-01 04:00:00,102.9499969482422,103.12999725341795,102.5,102.56999969482422,5313
2026-04-01 05:00:00,102.55999755859376,102.66000366210938,101.04000091552734,101.2699966430664,11571
2026-04-01 06:00:00,101.27999877929688,101.3499984741211,96.6500015258789,96.95999908447266,49184
2026-04-01 07:00:00,96.95999908447266,98.58000183105467,96.48999786376952,98.37999725341795,28503
2026-04-01 08:00:00,98.37000274658205,99.41999816894533,97.9499969482422,99.31999969482422,18606
2026-04-01 09:00:00,99.30999755859376,100.66000366210938,99.0999984741211,100.08000183105467,18768
2026-04-01 10:00:00,100.0500030517578,100.58000183105467,99.43000030517578,99.97000122070312,15014
2026-04-01 11:00:00,99.97000122070312,100.16999816894533,98.33999633789062,98.79000091552734,20760
2026-04-01 12:00:00,98.77999877929688,100.87999725341795,98.02999877929688,100.58000183105467,40759
2026-04-01 13:00:00,100.58999633789062,101.0199966430664,98.44000244140624,98.95999908447266,48996
2026-04-01 14:00:00,98.95999908447266,99.56999969482422,98.22000122070312,99.08000183105467,36656
2026-04-01 15:00:00,99.05999755859376,100.2699966430664,98.94000244140624,99.7300033569336,25346
2026-04-01 16:00:00,99.73999786376952,100.86000061035156,99.62999725341795,100.01000213623048,17180
2026-04-01 17:00:00,100.02999877929688,100.02999877929688,98.58000183105467,99.33000183105467,21435
2026-04-01 18:00:00,99.31999969482422,100.4499969482422,99.16999816894533,99.83999633789062,23460
2026-04-01 19:00:00,99.8499984741211,99.87999725341795,98.8499984741211,99.5199966430664,12515
2026-04-01 20:00:00,99.5199966430664,99.98999786376952,98.76000213623048,98.88999938964844,8397
2026-04-01 22:00:00,99.0,99.2300033569336,98.0500030517578,99.0,4132
2026-04-01 23:00:00,99.0,99.19000244140624,98.62999725341795,98.88999938964844,5054
2026-04-02 00:00:00,98.9000015258789,99.02999877929688,97.5,98.0199966430664,23010
2026-04-02 01:00:00,98.02999877929688,104.5,97.75,104.13999938964844,86928
2026-04-02 02:00:00,104.13999938964844,104.6500015258789,103.55999755859376,103.80999755859376,23603
2026-04-02 03:00:00,103.80999755859376,104.83999633789062,103.70999908447266,104.7300033569336,13094
2026-04-02 04:00:00,104.6999969482422,105.6500015258789,104.6500015258789,104.95999908447266,20260
2026-04-02 05:00:00,104.94000244140624,106.13999938964844,104.48999786376952,106.11000061035156,14396
2026-04-02 06:00:00,106.11000061035156,106.7699966430664,105.80999755859376,106.08000183105467,17739
2026-04-02 07:00:00,106.06999969482422,106.66999816894533,105.83000183105467,106.23999786376952,10284
2026-04-02 08:00:00,106.25,107.26000213623048,106.0500030517578,107.20999908447266,12649
2026-04-02 09:00:00,107.1999969482422,108.0199966430664,106.94000244140624,107.63999938964844,12951
2026-04-02 10:00:00,107.5999984741211,108.62999725341795,107.47000122070312,108.41000366210938,14932
2026-04-02 11:00:00,108.36000061035156,109.94000244140624,108.33000183105467,109.76000213623048,21528
2026-04-02 12:00:00,109.7699966430664,113.37000274658205,109.38999938964844,113.1500015258789,73948
2026-04-02 13:00:00,113.12999725341795,113.98999786376952,110.66000366210938,111.0199966430664,110074
2026-04-02 14:00:00,111.0199966430664,111.70999908447266,106.62000274658205,108.81999969482422,99440
2026-04-02 15:00:00,108.80999755859376,112.13999938964844,108.3499984741211,111.51000213623048,56784
2026-04-02 16:00:00,111.48999786376952,112.18000030517578,110.5,110.98999786376952,34088
2026-04-02 17:00:00,111.04000091552734,112.0,110.0500030517578,111.6999969482422,24609
2026-04-02 18:00:00,111.66999816894533,112.33000183105467,110.79000091552734,111.12999725341795,22515
2026-04-02 19:00:00,111.11000061035156,111.76000213623048,110.75,111.43000030517578,11966
2026-04-02 20:00:00,111.41999816894533,112.08000183105467,111.3499984741211,112.08000183105467,9497
2026-04-05 22:00:00,112.8499984741211,115.48999786376952,112.5999984741211,113.63999938964844,29885
2026-04-05 23:00:00,113.69000244140624,114.5,112.87999725341795,114.25,11755
2026-04-06 00:00:00,114.29000091552734,114.33000183105467,111.66000366210938,112.22000122070312,17209
2026-04-06 01:00:00,112.2300033569336,112.95999908447266,111.37000274658205,111.80999755859376,13881
2026-04-06 02:00:00,111.8000030517578,111.98999786376952,109.4800033569336,111.5199966430664,26430
2026-04-06 03:00:00,111.5,112.38999938964844,111.12000274658205,111.30999755859376,12844
2026-04-06 04:00:00,111.33000183105467,111.68000030517578,110.73999786376952,111.4000015258789,10413
2026-04-06 05:00:00,111.4000015258789,112.08000183105467,111.02999877929688,111.7699966430664,8660
2026-04-06 06:00:00,111.76000213623048,112.2699966430664,110.62999725341795,110.86000061035156,16512
2026-04-06 07:00:00,110.83999633789062,111.6500015258789,108.87000274658205,109.38999938964844,19905
2026-04-06 08:00:00,109.38999938964844,110.18000030517578,108.91999816894533,109.5,14351
2026-04-06 09:00:00,109.4800033569336,111.7300033569336,109.16000366210938,111.4499969482422,15685
2026-04-06 10:00:00,111.44000244140624,111.47000122070312,109.6999969482422,109.91999816894533,16297
2026-04-06 11:00:00,109.91999816894533,110.54000091552734,109.58999633789062,110.12999725341795,9312
2026-04-06 12:00:00,110.12000274658205,110.95999908447266,109.9000015258789,110.16000366210938,14039
2026-04-06 13:00:00,110.18000030517578,113.12999725341795,109.80999755859376,111.9499969482422,42221
2026-04-06 14:00:00,111.9499969482422,112.8499984741211,110.3000030517578,110.9499969482422,43442
2026-04-06 15:00:00,110.98999786376952,112.6999969482422,110.86000061035156,111.87999725341795,26069
2026-04-06 16:00:00,111.88999938964844,112.30999755859376,111.16000366210938,112.23999786376952,16851
2026-04-06 17:00:00,112.2300033569336,114.33000183105467,112.22000122070312,114.08999633789062,41242
2026-04-06 18:00:00,114.06999969482422,114.25,111.72000122070312,112.2300033569336,33576
2026-04-06 19:00:00,112.1999969482422,112.98999786376952,111.87999725341795,112.4499969482422,12272
2026-04-06 20:00:00,112.48999786376952,113.05999755859376,112.22000122070312,112.61000061035156,6861
2026-04-06 22:00:00,112.5999984741211,113.61000061035156,112.48999786376952,113.36000061035156,5612
2026-04-06 23:00:00,113.36000061035156,113.94000244140624,113.02999877929688,113.81999969482422,4582
2026-04-07 00:00:00,113.81999969482422,113.91999816894533,112.6500015258789,113.31999969482422,10910
2026-04-07 01:00:00,113.33000183105467,115.16999816894533,112.75,114.93000030517578,19411
2026-04-07 02:00:00,114.91000366210938,115.5,114.51000213623048,114.95999908447266,15437
2026-04-07 03:00:00,114.97000122070312,115.73999786376952,114.80999755859376,115.62999725341795,8996
2026-04-07 04:00:00,115.6500015258789,116.56999969482422,115.12999725341795,115.4499969482422,18414
2026-04-07 05:00:00,115.4499969482422,116.04000091552734,114.9499969482422,115.2699966430664,10821
2026-04-07 06:00:00,115.26000213623048,115.44000244140624,112.41000366210938,114.87000274658205,9891
2026-04-07 07:00:00,114.8499984741211,115.62999725341795,114.54000091552734,115.36000061035156,9249
2026-04-07 08:00:00,115.3499984741211,115.4000015258789,112.3499984741211,112.69000244140624,28494
2026-04-07 09:00:00,112.66000366210938,113.08000183105467,111.2699966430664,112.55999755859376,19162
2026-04-07 10:00:00,112.54000091552734,114.62000274658205,111.6999969482422,114.1999969482422,27007
2026-04-07 11:00:00,114.16000366210938,115.93000030517578,113.91000366210938,115.8000030517578,16198
2026-04-07 12:00:00,115.83000183105467,116.43000030517578,114.11000061035156,115.05999755859376,41715
2026-04-07 13:00:00,115.05999755859376,116.26000213623048,114.54000091552734,116.20999908447266,31466
2026-04-07 14:00:00,116.1999969482422,117.06999969482422,115.36000061035156,116.41999816894533,39379
2026-04-07 15:00:00,116.5999984741211,117.66000366210938,114.4800033569336,114.9800033569336,47108
2026-04-07 16:00:00,114.97000122070312,115.66000366210938,113.63999938964844,115.13999938964844,37515
2026-04-07 17:00:00,115.13999938964844,115.87000274658205,113.33000183105467,113.94000244140624,34597
2026-04-07 18:00:00,113.91999816894533,115.51000213623048,112.54000091552734,115.11000061035156,39221
2026-04-07 19:00:00,115.11000061035156,115.37000274658205,110.41999816894533,112.20999908447266,60093
2026-04-07 20:00:00,112.23999786376952,112.48999786376952,110.1500015258789,110.3000030517578,44007
2026-04-07 22:00:00,108.7699966430664,109.23999786376952,97.1999969482422,98.8000030517578,82052
2026-04-07 23:00:00,98.76000213623048,98.83999633789062,91.02999877929688,96.4499969482422,116489
2026-04-08 00:00:00,96.45999908447266,98.33000183105467,94.0199966430664,96.97000122070312,62815
2026-04-08 01:00:00,96.97000122070312,97.44000244140624,95.83000183105467,96.69000244140624,28444
2026-04-08 02:00:00,96.70999908447266,97.3499984741211,96.0,96.4499969482422,18627
2026-04-08 03:00:00,96.41000366210938,96.66000366210938,95.5,96.47000122070312,14864
2026-04-08 04:00:00,96.3499984741211,97.2300033569336,95.5,96.72000122070312,18114
2026-04-08 05:00:00,96.72000122070312,96.91999816894533,95.3499984741211,95.73999786376952,16289
2026-04-08 06:00:00,95.7300033569336,95.98999786376952,94.5500030517578,95.87000274658205,16884
2026-04-08 07:00:00,95.86000061035156,96.5999984741211,95.61000061035156,95.9800033569336,12409
2026-04-08 08:00:00,95.97000122070312,96.68000030517578,94.9000015258789,94.91999816894533,15976
2026-04-08 09:00:00,94.91999816894533,95.37999725341795,94.12000274658205,94.62000274658205,13498
2026-04-08 10:00:00,94.68000030517578,95.5999984741211,94.0999984741211,94.93000030517578,16069
2026-04-08 11:00:00,94.94000244140624,95.3000030517578,93.11000061035156,93.2699966430664,20488
2026-04-08 12:00:00,93.25,95.1999969482422,92.1999969482422,92.58000183105467,55354
2026-04-08 13:00:00,92.58999633789062,94.45999908447266,91.83000183105467,93.25,47041
2026-04-08 14:00:00,93.26000213623048,96.33000183105467,92.45999908447266,95.58000183105467,58637
2026-04-08 15:00:00,95.56999969482422,96.44000244140624,94.63999938964844,94.9800033569336,35437
2026-04-08 16:00:00,94.95999908447266,95.5999984741211,94.12999725341795,94.44000244140624,26438
2026-04-08 17:00:00,94.41000366210938,96.27999877929688,94.05999755859376,95.33999633789062,27933
2026-04-08 18:00:00,95.30999755859376,95.68000030517578,93.56999969482422,95.44000244140624,33447
2026-04-08 19:00:00,95.4499969482422,96.91999816894533,95.3000030517578,96.08000183105467,27375
2026-04-08 20:00:00,96.08999633789062,96.75,95.6500015258789,96.51000213623048,12531
2026-04-08 22:00:00,96.5,97.9000015258789,96.1999969482422,96.80999755859376,10912
2026-04-08 23:00:00,96.8000030517578,97.25,96.45999908447266,97.11000061035156,7359
2026-04-09 00:00:00,97.12000274658205,97.80999755859376,96.3000030517578,97.66000366210938,18324
2026-04-09 01:00:00,97.66000366210938,98.38999938964844,96.86000061035156,96.95999908447266,18637
2026-04-09 02:00:00,96.9499969482422,97.29000091552734,96.51000213623048,97.25,12642
2026-04-09 03:00:00,97.2300033569336,97.43000030517578,96.68000030517578,97.19000244140624,6245
2026-04-09 04:00:00,97.19000244140624,97.8000030517578,97.12000274658205,97.7699966430664,5377
2026-04-09 05:00:00,97.7699966430664,98.08000183105467,97.26000213623048,97.37999725341795,9649
2026-04-09 06:00:00,97.37999725341795,97.86000061035156,96.91000366210938,97.0199966430664,9293
2026-04-09 07:00:00,97.04000091552734,98.0999984741211,96.97000122070312,97.68000030517578,9559
2026-04-09 08:00:00,97.66999816894533,98.08000183105467,97.26000213623048,97.91000366210938,8756
2026-04-09 09:00:00,97.87000274658205,97.9499969482422,97.20999908447266,97.6500015258789,7599
2026-04-09 10:00:00,97.62000274658205,99.6999969482422,97.55999755859376,99.62999725341795,20828
2026-04-09 11:00:00,99.62999725341795,99.66999816894533,98.38999938964844,98.87999725341795,17286
2026-04-09 12:00:00,98.87999725341795,99.98999786376952,98.61000061035156,99.36000061035156,21648
2026-04-09 13:00:00,99.36000061035156,100.75,98.98999786376952,100.63999938964844,32946
2026-04-09 14:00:00,100.6500015258789,102.69000244140624,100.26000213623048,101.88999938964844,41498
2026-04-09 15:00:00,101.87999725341795,102.63999938964844,98.87000274658205,99.16000366210938,70528
2026-04-09 16:00:00,99.13999938964844,99.20999908447266,96.8499984741211,97.41999816894533,55356
2026-04-09 17:00:00,97.4499969482422,97.73999786376952,95.25,96.33000183105467,39902
2026-04-09 18:00:00,96.3000030517578,98.6500015258789,96.0500030517578,98.41999816894533,38639
2026-04-09 19:00:00,98.38999938964844,99.5,97.87000274658205,99.3000030517578,16771
2026-04-09 20:00:00,99.29000091552734,99.3499984741211,97.83000183105467,98.01000213623048,14551
2026-04-09 22:00:00,98.36000061035156,99.22000122070312,98.0,99.01000213623048,8661
2026-04-09 23:00:00,99.0199966430664,99.0999984741211,98.20999908447266,98.62000274658205,5009
2026-04-10 00:00:00,98.62999725341795,99.08999633789062,98.26000213623048,98.88999938964844,5965
2026-04-10 01:00:00,98.9000015258789,99.26000213623048,98.33999633789062,98.61000061035156,8787
2026-04-10 02:00:00,98.5999984741211,98.91000366210938,98.4800033569336,98.73999786376952,4826
2026-04-10 03:00:00,98.76000213623048,98.83000183105467,97.58000183105467,97.80999755859376,8012
2026-04-10 04:00:00,97.80999755859376,98.44000244140624,97.66999816894533,98.41000366210938,5762
2026-04-10 05:00:00,98.38999938964844,98.73999786376952,98.0999984741211,98.62000274658205,5207
2026-04-10 06:00:00,98.62000274658205,98.8499984741211,98.25,98.63999938964844,5563
2026-04-10 07:00:00,98.62999725341795,100.0,98.58000183105467,99.66000366210938,11922
2026-04-10 08:00:00,99.6500015258789,100.41999816894533,99.30999755859376,100.23999786376952,10136
2026-04-10 09:00:00,100.26000213623048,100.2699966430664,98.13999938964844,98.56999969482422,19019
2026-04-10 10:00:00,98.58000183105467,98.98999786376952,97.5500030517578,98.0199966430664,12491
2026-04-10 11:00:00,98.01000213623048,98.5,97.41000366210938,98.11000061035156,11963
2026-04-10 12:00:00,98.12000274658205,98.37000274658205,96.98999786376952,98.19000244140624,20981
2026-04-10 13:00:00,98.18000030517578,98.79000091552734,97.41000366210938,98.41999816894533,25278
2026-04-10 14:00:00,98.41999816894533,99.02999877929688,97.2300033569336,98.5,32523
2026-04-10 15:00:00,98.5199966430664,99.4499969482422,98.25,99.1999969482422,24726
2026-04-10 16:00:00,99.19000244140624,99.51000213623048,98.11000061035156,98.20999908447266,16735
2026-04-10 17:00:00,98.18000030517578,98.75,97.91999816894533,97.95999908447266,12792
2026-04-10 18:00:00,97.95999908447266,98.4000015258789,95.9000015258789,96.3499984741211,31895
2026-04-10 19:00:00,96.33999633789062,96.4499969482422,95.51000213623048,96.20999908447266,17421
2026-04-10 20:00:00,96.19000244140624,96.56999969482422,95.5,96.56999969482422,12709
2026-04-12 22:00:00,104.83999633789062,104.94000244140624,103.72000122070312,104.55999755859376,19375
2026-04-12 23:00:00,104.56999969482422,105.62999725341795,104.52999877929688,104.72000122070312,14772
2026-04-13 00:00:00,104.72000122070312,105.06999969482422,104.05999755859376,104.0999984741211,12466
2026-04-13 01:00:00,104.08999633789062,104.52999877929688,103.55999755859376,104.30999755859376,9991
2026-04-13 02:00:00,104.30999755859376,105.12999725341795,104.29000091552734,104.88999938964844,8482
2026-04-13 03:00:00,104.9000015258789,105.18000030517578,104.6999969482422,104.8499984741211,5576
2026-04-13 04:00:00,104.86000061035156,104.98999786376952,104.52999877929688,104.7699966430664,4099
2026-04-13 05:00:00,104.77999877929688,104.93000030517578,104.13999938964844,104.33000183105467,5386
2026-04-13 06:00:00,104.30999755859376,104.33999633789062,103.0500030517578,103.2699966430664,11226
2026-04-13 07:00:00,103.26000213623048,103.73999786376952,102.93000030517578,103.68000030517578,9129
2026-04-13 08:00:00,103.6999969482422,104.8000030517578,103.37000274658205,104.62000274658205,10044
2026-04-13 09:00:00,104.5999984741211,104.72000122070312,104.0199966430664,104.5,5555
2026-04-13 10:00:00,104.47000122070312,104.75,103.8000030517578,103.83000183105467,5704
2026-04-13 11:00:00,103.8499984741211,104.38999938964844,103.41999816894533,104.2699966430664,9005
2026-04-13 12:00:00,104.26000213623048,104.37999725341795,103.37000274658205,103.6500015258789,11767
2026-04-13 13:00:00,103.66999816894533,103.8000030517578,100.33000183105467,101.72000122070312,38278
2026-04-13 14:00:00,101.7300033569336,102.5,100.56999969482422,102.02999877929688,33107
2026-04-13 15:00:00,102.0199966430664,103.1999969482422,102.0,102.83000183105467,23318
2026-04-13 16:00:00,102.83000183105467,103.02999877929688,99.23999786376952,99.47000122070312,54672
2026-04-13 17:00:00,99.4800033569336,99.9800033569336,98.7300033569336,99.16000366210938,24136
2026-04-13 18:00:00,99.16999816894533,99.41000366210938,97.04000091552734,97.11000061035156,25493
2026-04-13 19:00:00,97.13999938964844,98.1999969482422,97.02999877929688,98.05999755859376,14491
2026-04-13 20:00:00,98.04000091552734,98.3000030517578,97.6999969482422,98.01000213623048,8086
2026-04-13 22:00:00,98.05999755859376,98.27999877929688,97.4000015258789,97.5199966430664,3604
2026-04-13 23:00:00,97.5500030517578,97.62000274658205,96.0500030517578,96.58000183105467,11058
2026-04-14 00:00:00,96.55999755859376,96.95999908447266,95.66000366210938,95.97000122070312,8898
2026-04-14 01:00:00,95.95999908447266,97.29000091552734,95.9499969482422,97.18000030517578,9476
2026-04-14 02:00:00,97.19000244140624,97.25,96.79000091552734,97.08999633789062,4667
2026-04-14 03:00:00,97.0999984741211,97.62999725341795,96.73999786376952,96.9499969482422,6305
2026-04-14 04:00:00,96.98999786376952,97.0199966430664,96.5999984741211,96.72000122070312,3325
2026-04-14 05:00:00,96.72000122070312,97.5,96.63999938964844,97.33000183105467,4217
2026-04-14 06:00:00,97.3499984741211,97.7300033569336,97.16000366210938,97.38999938964844,5747
2026-04-14 07:00:00,97.38999938964844,97.5,95.1999969482422,96.5199966430664,18475
2026-04-14 08:00:00,96.5500030517578,97.0999984741211,96.3499984741211,96.38999938964844,7899
2026-04-14 09:00:00,96.37000274658205,97.3000030517578,96.25,96.87000274658205,5560
2026-04-14 10:00:00,96.8499984741211,97.55999755859376,96.16000366210938,97.33999633789062,8530
2026-04-14 11:00:00,97.33000183105467,97.95999908447266,96.05999755859376,97.1999969482422,11290
2026-04-14 12:00:00,97.18000030517578,97.18000030517578,95.6500015258789,95.8499984741211,18241
2026-04-14 13:00:00,95.83999633789062,96.36000061035156,94.63999938964844,94.6999969482422,28004
2026-04-14 14:00:00,94.69000244140624,94.6999969482422,92.22000122070312,93.41999816894533,47534
2026-04-14 15:00:00,93.44000244140624,94.33000183105467,92.19000244140624,92.62000274658205,27852
2026-04-14 16:00:00,92.62000274658205,92.8000030517578,91.93000030517578,92.75,17497
2026-04-14 17:00:00,92.7699966430664,93.0,91.4800033569336,92.05999755859376,17880
2026-04-14 18:00:00,92.0500030517578,92.16999816894533,91.0500030517578,91.76000213623048,18587
2026-04-14 19:00:00,91.77999877929688,92.20999908447266,91.56999969482422,92.01000213623048,6354
2026-04-14 20:00:00,92.01000213623048,92.3499984741211,91.4499969482422,92.0199966430664,6593
2026-04-14 22:00:00,91.9000015258789,92.51000213623048,91.11000061035156,91.66999816894533,6305
2026-04-14 23:00:00,91.66000366210938,92.0,86.9000015258789,90.27999877929688,20879
2026-04-15 00:00:00,90.33000183105467,91.1999969482422,90.12999725341795,90.37000274658205,9872
2026-04-15 01:00:00,90.33999633789062,90.86000061035156,89.94999694824219,90.48999786376952,7901
2026-04-15 02:00:00,90.51000213623048,91.33000183105467,90.44000244140624,91.2699966430664,5499
2026-04-15 03:00:00,91.25,91.51000213623048,90.87000274658205,90.9000015258789,4876
2026-04-15 04:00:00,90.93000030517578,91.80999755859376,90.87999725341795,91.66000366210938,4211
2026-04-15 05:00:00,91.6500015258789,91.7699966430664,91.13999938964844,91.2300033569336,4541
2026-04-15 06:00:00,91.22000122070312,91.26000213623048,90.29000091552734,90.9000015258789,6942
2026-04-15 07:00:00,90.91000366210938,91.48999786376952,90.58999633789062,90.7699966430664,6697
2026-04-15 08:00:00,90.76000213623048,91.73999786376952,90.37999725341795,91.33999633789062,6465
2026-04-15 09:00:00,91.33000183105467,92.73999786376952,91.25,92.27999877929688,10039
2026-04-15 10:00:00,92.25,93.3000030517578,91.6999969482422,92.73999786376952,13856
2026-04-15 11:00:00,92.7300033569336,92.94000244140624,91.08000183105467,91.6999969482422,12087
2026-04-15 12:00:00,91.6999969482422,92.5,91.20999908447266,91.95999908447266,14149
2026-04-15 13:00:00,91.9800033569336,92.2300033569336,90.4000015258789,91.05999755859376,24367
2026-04-15 14:00:00,91.05999755859376,92.47000122070312,90.58000183105467,92.33000183105467,23066
2026-04-15 15:00:00,92.33999633789062,92.9499969482422,92.0,92.33000183105467,20438
2026-04-15 16:00:00,92.33999633789062,92.54000091552734,91.4000015258789,91.7699966430664,14078
2026-04-15 17:00:00,91.76000213623048,92.62999725341795,91.52999877929688,92.5,10504
2026-04-15 18:00:00,92.5,92.79000091552734,91.0,91.1500015258789,16965
2026-04-15 19:00:00,91.12999725341795,91.13999938964844,90.70999908447266,91.0,6034
2026-04-15 20:00:00,90.98999786376952,91.4800033569336,90.9800033569336,91.4000015258789,3699
2026-04-15 22:00:00,91.4800033569336,91.48999786376952,90.7699966430664,91.02999877929688,2681
2026-04-15 23:00:00,91.01000213623048,91.0199966430664,90.5500030517578,90.9800033569336,2135
2026-04-16 00:00:00,90.91000366210938,91.05999755859376,90.51000213623048,90.97000122070312,3377
2026-04-16 01:00:00,90.97000122070312,91.5199966430664,90.83999633789062,91.44000244140624,3629
2026-04-16 02:00:00,91.43000030517578,91.8000030517578,91.37000274658205,91.5,3550
2026-04-16 03:00:00,91.4800033569336,91.73999786376952,91.19000244140624,91.7300033569336,2398
2026-04-16 04:00:00,91.68000030517578,91.87999725341795,91.62999725341795,91.73999786376952,1664
2026-04-16 05:00:00,91.73999786376952,91.88999938964844,91.45999908447266,91.5500030517578,2514
2026-04-16 06:00:00,91.56999969482422,91.6999969482422,91.30999755859376,91.54000091552734,2392
2026-04-16 07:00:00,91.5999984741211,92.68000030517578,91.54000091552734,92.63999938964844,6283
2026-04-16 08:00:00,92.63999938964844,93.02999877929688,92.33999633789062,92.4000015258789,5923
2026-04-16 09:00:00,92.41000366210938,92.83999633789062,92.12000274658205,92.6500015258789,3552
2026-04-16 10:00:00,92.62999725341795,92.66000366210938,91.8499984741211,91.87999725341795,3659
2026-04-16 11:00:00,91.86000061035156,91.87999725341795,91.08999633789062,91.5199966430664,7601
2026-04-16 12:00:00,91.5,92.2300033569336,91.0500030517578,92.19000244140624,7787
2026-04-16 13:00:00,92.18000030517578,93.4800033569336,91.87000274658205,93.16000366210938,18779
2026-04-16 14:00:00,93.16999816894533,93.91999816894533,92.87999725341795,93.44000244140624,18093
2026-04-16 15:00:00,93.41000366210938,94.0,92.81999969482422,93.37000274658205,17630
2026-04-16 16:00:00,93.36000061035156,94.62000274658205,93.3499984741211,94.4499969482422,11855
2026-04-16 17:00:00,94.4499969482422,95.43000030517578,94.31999969482422,95.1500015258789,13003
2026-04-16 18:00:00,95.1500015258789,95.16999816894533,93.6999969482422,93.77999877929688,14336
2026-04-16 19:00:00,93.8000030517578,94.12999725341795,93.29000091552734,93.54000091552734,7576
2026-04-16 20:00:00,93.5500030517578,93.66999816894533,93.12999725341795,93.1999969482422,3215
2026-04-16 22:00:00,93.1999969482422,93.68000030517578,92.87999725341795,93.0199966430664,2333
2026-04-16 23:00:00,93.0199966430664,93.55999755859376,93.0,93.27999877929688,1732
2026-04-17 00:00:00,93.30999755859376,93.5500030517578,93.0,93.43000030517578,2181
2026-04-17 01:00:00,93.41000366210938,93.69000244140624,93.08999633789062,93.30999755859376,1652
2026-04-17 02:00:00,93.30999755859376,93.5500030517578,93.25,93.30999755859376,874
2026-04-17 03:00:00,93.31999969482422,93.62000274658205,93.1500015258789,93.45999908447266,912
2026-04-17 04:00:00,93.51000213623048,93.55999755859376,93.25,93.3499984741211,900
2026-04-17 05:00:00,93.33999633789062,93.5199966430664,93.16000366210938,93.33000183105467,1163
2026-04-17 06:00:00,93.33999633789062,94.0199966430664,93.26000213623048,93.83000183105467,1449
2026-04-17 07:00:00,93.81999969482422,93.83000183105467,89.79000091552734,89.93000030517578,15231
2026-04-17 08:00:00,89.93000030517578,90.01000213623047,88.7699966430664,89.0199966430664,6423
2026-04-17 09:00:00,89.02999877929688,89.16999816894531,87.41999816894531,87.62999725341797,11384
2026-04-17 10:00:00,87.62000274658203,88.06999969482422,87.01000213623047,87.81999969482422,8607
2026-04-17 11:00:00,87.83000183105469,88.02999877929688,87.44000244140625,87.66000366210938,5362
2026-04-17 12:00:00,87.6500015258789,87.81999969482422,81.83999633789062,82.4000015258789,54193
2026-04-17 13:00:00,82.4000015258789,83.26000213623047,80.43000030517578,81.73999786376953,67416
2026-04-17 14:00:00,81.73999786376953,81.9000015258789,78.97000122070312,79.98999786376953,40329
2026-04-17 15:00:00,79.9800033569336,81.80000305175781,79.72000122070312,81.12999725341797,32776
2026-04-17 16:00:00,81.13999938964844,81.86000061035156,80.8499984741211,81.3499984741211,13258
2026-04-17 17:00:00,81.3499984741211,82.95999908447266,81.27999877929688,81.86000061035156,19179
2026-04-17 18:00:00,81.83999633789062,83.6500015258789,81.76000213623047,83.29000091552734,20263
2026-04-17 19:00:00,83.29000091552734,83.47000122070312,82.62000274658203,83.08000183105469,8368
2026-04-17 20:00:00,83.0999984741211,84.0,82.58999633789062,82.58999633789062,7722
2026-04-20 09:00:00,82.58999633789062,87.6500015258789,82.58999633789062,87.5999984741211,3004
2026-04-20 10:00:00,87.61000061035156,87.63999938964844,82.58999633789062,87.51000213623047,7354
2026-04-20 11:00:00,87.5199966430664,87.94999694824219,82.58999633789062,87.08999633789062,9028
2026-04-20 12:00:00,87.11000061035156,87.55000305175781,86.68000030517578,86.95999908447266,16730
2026-04-20 13:00:00,86.94000244140625,87.47000122070312,85.43000030517578,85.94999694824219,31966
2026-04-20 14:00:00,85.9800033569336,87.83000183105469,85.93000030517578,87.2699966430664,28065
2026-04-20 15:00:00,87.2699966430664,87.51000213623047,86.48999786376953,87.33000183105469,29734
2026-04-20 16:00:00,87.31999969482422,87.69000244140625,87.01000213623047,87.2699966430664,10729
2026-04-20 17:00:00,87.26000213623047,87.9800033569336,87.05000305175781,87.51000213623047,13389
2026-04-20 18:00:00,87.5,87.7699966430664,86.95999908447266,87.38999938964844,13684
2026-04-20 19:00:00,87.37999725341797,87.41000366210938,86.81999969482422,86.88999938964844,4910
2026-04-20 20:00:00,86.9000015258789,87.05000305175781,85.58999633789062,85.9000015258789,8261
2026-04-20 22:00:00,85.8499984741211,86.5199966430664,85.5,86.37000274658203,4076
2026-04-20 23:00:00,86.37000274658203,86.54000091552734,86.0999984741211,86.20999908447266,2230
2026-04-21 00:00:00,86.19000244140625,86.58999633789062,86.12000274658203,86.4800033569336,5436
2026-04-21 01:00:00,86.4800033569336,86.7300033569336,86.41000366210938,86.6500015258789,4488
2026-04-21 02:00:00,86.6500015258789,86.80000305175781,86.5,86.63999938964844,2898
2026-04-21 03:00:00,86.63999938964844,86.79000091552734,86.52999877929688,86.68000030517578,2248
2026-04-21 04:00:00,86.68000030517578,86.69000244140625,86.20999908447266,86.27999877929688,2715
2026-04-21 05:00:00,86.2699966430664,86.30000305175781,85.66999816894531,86.16000366210938,7405
2026-04-21 06:00:00,86.16000366210938,87.41999816894531,86.13999938964844,86.5999984741211,4640
2026-04-21 07:00:00,86.5999984741211,87.47000122070312,85.87000274658203,86.44000244140625,10971
2026-04-21 08:00:00,86.44000244140625,86.86000061035156,86.01000213623047,86.80999755859375,8733
2026-04-21 09:00:00,86.80000305175781,87.5,86.55000305175781,86.70999908447266,8177
2026-04-21 10:00:00,86.69999694824219,86.80999755859375,86.13999938964844,86.6500015258789,6364
2026-04-21 11:00:00,86.6500015258789,87.69999694824219,86.63999938964844,87.58999633789062,13580
2026-04-21 12:00:00,87.58999633789062,87.72000122070312,86.79000091552734,87.3499984741211,16343
2026-04-21 13:00:00,87.33999633789062,87.3499984741211,86.54000091552734,86.80000305175781,15733
2026-04-21 14:00:00,86.79000091552734,88.77999877929688,86.7699966430664,88.75,23164
2026-04-21 15:00:00,88.7300033569336,90.08999633789062,88.38999938964844,89.7699966430664,28232
2026-04-21 16:00:00,89.77999877929688,90.4499969482422,89.41000366210938,90.41000366210938,17154
2026-04-21 17:00:00,90.41000366210938,91.4499969482422,88.88999938964844,89.43000030517578,39274
2026-04-21 18:00:00,89.43000030517578,90.05000305175781,87.91999816894531,88.80999755859375,26873
2026-04-21 19:00:00,88.79000091552734,92.2300033569336,87.87000274658203,91.7699966430664,44207
2026-04-21 20:00:00,91.77999877929688,91.95999908447266,87.8499984741211,90.22000122070312,40694
2026-04-21 22:00:00,90.0199966430664,90.72000122070312,89.63999938964844,90.31999969482422,3617
2026-04-21 23:00:00,90.33999633789062,90.70999908447266,90.30999755859376,90.5199966430664,2824
2026-04-22 00:00:00,90.4800033569336,90.5,88.76000213623047,89.81999969482422,14583
2026-04-22 01:00:00,89.80000305175781,89.80000305175781,89.04000091552734,89.4000015258789,8787
2026-04-22 02:00:00,89.4000015258789,89.52999877929688,89.1500015258789,89.3499984741211,4301
2026-04-22 03:00:00,89.3499984741211,89.69999694824219,89.16000366210938,89.26000213623047,4526
2026-04-22 04:00:00,89.26000213623047,89.62000274658203,89.19000244140625,89.58999633789062,3760
2026-04-22 05:00:00,89.54000091552734,89.58999633789062,87.61000061035156,88.76000213623047,15670
2026-04-22 06:00:00,88.76000213623047,88.95999908447266,88.58000183105469,88.72000122070312,5643
2026-04-22 07:00:00,88.70999908447266,89.41999816894531,88.48999786376953,89.37999725341797,7242
2026-04-22 08:00:00,89.37999725341797,91.41999816894533,89.22000122070312,90.79000091552734,17531
2026-04-22 09:00:00,90.8000030517578,91.13999938964844,90.12000274658205,90.87000274658205,12832
2026-04-22 10:00:00,90.8499984741211,90.9499969482422,89.93000030517578,90.11000061035156,8962
2026-04-22 11:00:00,90.11000061035156,90.6500015258789,89.75,90.22000122070312,9405
2026-04-22 12:00:00,90.2300033569336,91.5999984741211,89.69000244140625,91.41999816894533,20830
2026-04-22 13:00:00,91.41000366210938,92.08999633789062,90.41999816894533,91.75,36341
2026-04-22 14:00:00,91.73999786376952,92.4499969482422,90.93000030517578,92.1999969482422,25578
2026-04-22 15:00:00,92.20999908447266,93.26000213623048,91.30999755859376,93.0999984741211,31494
2026-04-22 16:00:00,93.08999633789062,93.7300033569336,92.86000061035156,93.62000274658205,15538
2026-04-22 17:00:00,93.62999725341795,93.68000030517578,92.31999969482422,92.61000061035156,23244
2026-04-22 18:00:00,92.61000061035156,93.30999755859376,92.5999984741211,92.91999816894533,8758
2026-04-22 19:00:00,92.95999908447266,93.11000061035156,92.41000366210938,92.5999984741211,6526
2026-04-22 20:00:00,92.62000274658205,93.1500015258789,92.4000015258789,92.87999725341795,4848
2026-04-22 22:00:00,92.8499984741211,93.02999877929688,92.26000213623048,92.5199966430664,2711
2026-04-22 23:00:00,92.52999877929688,92.79000091552734,92.4000015258789,92.7300033569336,1627
2026-04-23 00:00:00,92.7300033569336,97.23999786376952,92.5999984741211,92.91999816894533,47223
2026-04-23 01:00:00,92.9499969482422,93.72000122070312,92.8000030517578,93.4800033569336,8448
2026-04-23 02:00:00,93.4499969482422,95.1999969482422,93.44000244140624,95.05999755859376,12836
2026-04-23 03:00:00,95.08000183105467,95.27999877929688,94.41000366210938,94.5500030517578,9568
2026-04-23 04:00:00,94.5999984741211,94.66000366210938,94.0199966430664,94.06999969482422,4506
2026-04-23 05:00:00,94.08000183105467,94.47000122070312,93.8000030517578,93.8499984741211,4808
2026-04-23 06:00:00,93.8499984741211,94.6500015258789,93.62000274658205,94.4000015258789,5642
2026-04-23 07:00:00,94.37999725341795,94.8000030517578,93.2300033569336,93.70999908447266,8406
2026-04-23 08:00:00,93.69000244140624,95.08999633789062,93.66000366210938,94.88999938964844,8872
2026-04-23 09:00:00,94.87999725341795,95.6500015258789,94.29000091552734,94.94000244140624,10550
2026-04-23 10:00:00,94.95999908447266,95.05999755859376,93.75,93.97000122070312,6494
2026-04-23 11:00:00,93.91999816894533,94.2300033569336,93.01000213623048,93.25,11503
2026-04-23 12:00:00,93.26000213623048,94.0,92.16000366210938,93.22000122070312,26794
2026-04-23 13:00:00,93.18000030517578,94.44000244140624,92.98999786376952,94.01000213623048,18859
2026-04-23 14:00:00,94.01000213623048,94.62000274658205,93.04000091552734,93.08999633789062,17221
2026-04-23 15:00:00,93.11000061035156,94.66000366210938,92.97000122070312,94.44000244140624,15865
2026-04-23 16:00:00,94.44000244140624,94.7300033569336,93.9000015258789,94.45999908447266,10544
2026-04-23 17:00:00,94.45999908447266,98.4000015258789,94.44000244140624,96.20999908447266,51602
2026-04-23 18:00:00,96.22000122070312,96.83999633789062,95.1999969482422,96.72000122070312,25262
2026-04-23 19:00:00,96.70999908447266,96.87999725341795,95.9499969482422,96.4000015258789,7881
2026-04-23 20:00:00,96.4000015258789,97.4000015258789,96.38999938964844,97.01000213623048,8693
2026-04-23 22:00:00,96.6999969482422,97.33999633789062,95.62000274658205,97.06999969482422,3990
2026-04-23 23:00:00,97.05999755859376,97.1500015258789,96.6500015258789,96.80999755859376,2557
2026-04-24 00:00:00,96.79000091552734,97.5199966430664,96.66999816894533,97.16000366210938,6406
2026-04-24 01:00:00,97.16000366210938,97.58999633789062,96.6500015258789,97.0,8551
2026-04-24 02:00:00,97.01000213623048,97.08000183105467,96.3499984741211,96.47000122070312,5565
2026-04-24 03:00:00,96.47000122070312,96.72000122070312,96.08999633789062,96.62000274658205,4686
2026-04-24 04:00:00,96.5999984741211,96.75,95.9499969482422,96.01000213623048,3371
2026-04-24 05:00:00,96.0199966430664,96.16999816894533,95.66000366210938,95.95999908447266,4413
2026-04-24 06:00:00,95.94000244140624,96.56999969482422,95.54000091552734,96.48999786376952,5623
2026-04-24 07:00:00,96.51000213623048,96.79000091552734,95.98999786376952,96.6999969482422,5524
2026-04-24 08:00:00,96.70999908447266,97.83999633789062,96.70999908447266,96.9800033569336,11014
2026-04-24 09:00:00,96.9800033569336,97.77999877929688,96.6500015258789,97.73999786376952,6430
2026-04-24 10:00:00,97.72000122070312,97.7300033569336,96.83000183105467,96.95999908447266,5310
2026-04-24 11:00:00,96.9499969482422,96.9499969482422,93.62999725341795,94.4800033569336,37464
2026-04-24 12:00:00,94.5,96.5,94.13999938964844,95.91999816894533,26336
2026-04-24 13:00:00,95.91000366210938,95.91999816894533,94.62000274658205,95.16999816894533,24789
2026-04-24 14:00:00,95.2300033569336,95.5999984741211,94.66999816894533,95.11000061035156,18948
2026-04-24 15:00:00,95.08999633789062,95.83000183105467,92.69000244140624,93.52999877929688,35072
2026-04-24 16:00:00,93.54000091552734,94.44000244140624,93.12000274658205,93.79000091552734,19086
2026-04-24 17:00:00,93.7300033569336,94.11000061035156,92.75,93.61000061035156,16857
2026-04-24 18:00:00,93.62000274658205,94.6500015258789,93.61000061035156,94.25,12998
2026-04-24 19:00:00,94.23999786376952,95.20999908447266,94.06999969482422,94.77999877929688,9495
2026-04-24 20:00:00,94.79000091552734,95.56999969482422,94.4000015258789,94.4000015258789,9158
2026-04-26 22:00:00,96.36000061035156,96.69000244140624,95.9499969482422,96.01000213623048,4774
2026-04-26 23:00:00,96.04000091552734,96.30999755859376,95.94000244140624,96.12000274658205,2997
2026-04-27 00:00:00,96.12999725341795,96.54000091552734,95.7699966430664,96.06999969482422,6029
2026-04-27 01:00:00,96.02999877929688,96.13999938964844,95.44000244140624,95.87000274658205,9497
2026-04-27 02:00:00,95.86000061035156,95.86000061035156,95.22000122070312,95.2300033569336,5348
2026-04-27 03:00:00,95.23999786376952,95.37000274658205,94.9800033569336,95.33999633789062,4284
2026-04-27 04:00:00,95.30999755859376,95.66999816894533,95.18000030517578,95.5999984741211,3153
2026-04-27 05:00:00,95.58000183105467,96.2699966430664,95.52999877929688,96.05999755859376,5637
2026-04-27 06:00:00,96.08999633789062,96.4000015258789,96.0199966430664,96.06999969482422,4059
2026-04-27 07:00:00,96.06999969482422,96.88999938964844,96.05999755859376,96.81999969482422,5804
2026-04-27 08:00:00,96.8499984741211,97.0999984741211,96.37000274658205,96.4800033569336,5778
2026-04-27 09:00:00,96.4800033569336,96.69000244140624,96.12999725341795,96.51000213623048,4546
2026-04-27 10:00:00,96.4800033569336,96.5199966430664,95.05999755859376,95.4000015258789,8913
2026-04-27 11:00:00,95.44000244140624,95.45999908447266,94.58000183105467,95.12000274658205,10437
2026-04-27 12:00:00,95.0999984741211,96.54000091552734,94.83000183105467,96.3000030517578,15894
2026-04-27 13:00:00,96.3000030517578,96.52999877929688,95.62000274658205,95.70999908447266,16842
2026-04-27 14:00:00,95.70999908447266,96.8000030517578,95.29000091552734,96.73999786376952,22717
2026-04-27 15:00:00,96.7300033569336,97.48999786376952,96.08999633789062,96.16999816894533,17900
2026-04-27 16:00:00,96.1500015258789,96.62000274658205,96.0500030517578,96.58000183105467,7981
2026-04-27 17:00:00,96.55999755859376,97.66000366210938,96.16000366210938,96.55999755859376,14692
2026-04-27 18:00:00,96.55999755859376,97.20999908447266,96.20999908447266,96.54000091552734,8436
2026-04-27 19:00:00,96.54000091552734,96.62000274658205,95.83999633789062,96.41000366210938,6695
2026-04-27 20:00:00,96.41000366210938,96.8000030517578,96.25,96.66999816894533,3637
2026-04-27 22:00:00,96.66999816894533,96.8000030517578,96.2699966430664,96.66999816894533,2368
2026-04-27 23:00:00,96.62999725341795,96.8000030517578,96.58000183105467,96.66999816894533,1352
2026-04-28 00:00:00,96.66000366210938,97.19000244140624,96.25,97.02999877929688,6114
2026-04-28 01:00:00,97.0199966430664,97.4000015258789,96.81999969482422,97.30999755859376,5747
2026-04-28 02:00:00,97.33999633789062,97.55999755859376,97.20999908447266,97.38999938964844,3656
2026-04-28 03:00:00,97.38999938964844,97.5999984741211,97.16999816894533,97.56999969482422,2177
2026-04-28 04:00:00,97.58999633789062,97.81999969482422,97.31999969482422,97.47000122070312,3806
2026-04-28 05:00:00,97.47000122070312,98.83999633789062,97.38999938964844,98.1999969482422,9683
2026-04-28 06:00:00,98.20999908447266,98.4499969482422,97.7300033569336,98.3499984741211,6016
2026-04-28 07:00:00,98.33999633789062,99.2300033569336,98.26000213623048,98.88999938964844,8282
2026-04-28 08:00:00,98.88999938964844,99.27999877929688,98.22000122070312,98.95999908447266,7469
2026-04-28 09:00:00,98.94000244140624,99.87999725341795,98.94000244140624,99.7699966430664,7667
2026-04-28 10:00:00,99.8000030517578,100.12000274658205,99.44000244140624,99.7300033569336,7266
2026-04-28 11:00:00,99.73999786376952,101.8499984741211,99.5199966430664,101.26000213623048,18567
2026-04-28 12:00:00,101.2699966430664,101.3000030517578,98.11000061035156,99.4000015258789,34104
2026-04-28 13:00:00,99.41000366210938,100.43000030517578,98.75,99.37000274658205,30338
2026-04-28 14:00:00,99.41999816894533,100.47000122070312,99.2300033569336,99.36000061035156,27417
2026-04-28 15:00:00,99.36000061035156,100.01000213623048,99.01000213623048,99.79000091552734,16414
2026-04-28 16:00:00,99.77999877929688,100.1999969482422,99.05999755859376,99.22000122070312,11019
2026-04-28 17:00:00,99.22000122070312,100.44000244140624,99.13999938964844,100.22000122070312,10845
2026-04-28 18:00:00,100.1999969482422,100.33000183105467,99.33999633789062,100.0199966430664,10816
2026-04-28 19:00:00,100.0,100.05999755859376,99.79000091552734,99.9000015258789,3502
2026-04-28 20:00:00,99.9000015258789,99.93000030517578,99.51000213623048,99.62000274658205,3407
2026-04-28 22:00:00,99.66000366210938,99.98999786376952,99.33999633789062,99.58999633789062,2255
2026-04-28 23:00:00,99.62000274658205,99.70999908447266,99.3499984741211,99.43000030517578,1950
2026-04-29 00:00:00,99.41999816894533,99.43000030517578,98.87999725341795,99.3000030517578,4599
2026-04-29 01:00:00,99.3000030517578,100.73999786376952,99.23999786376952,100.37999725341795,11364
2026-04-29 02:00:00,100.37000274658205,100.4000015258789,98.41000366210938,99.33000183105467,12732
2026-04-29 03:00:00,99.3000030517578,99.47000122070312,98.8000030517578,99.33999633789062,5116
2026-04-29 04:00:00,99.30999755859376,99.63999938964844,99.20999908447266,99.54000091552734,2584
2026-04-29 05:00:00,99.56999969482422,99.87999725341795,99.55999755859376,99.8499984741211,3185
2026-04-29 06:00:00,99.8499984741211,100.62999725341795,99.5999984741211,100.58000183105467,7160
2026-04-29 07:00:00,100.55999755859376,101.9499969482422,100.33999633789062,101.69000244140624,9924
2026-04-29 08:00:00,101.6999969482422,103.8000030517578,101.61000061035156,103.56999969482422,18231
2026-04-29 09:00:00,103.5999984741211,103.72000122070312,102.77999877929688,103.54000091552734,9906
2026-04-29 10:00:00,103.55999755859376,103.83000183105467,103.08000183105467,103.12999725341795,6998
2026-04-29 11:00:00,103.12000274658205,103.4800033569336,102.72000122070312,103.41000366210938,8165
2026-04-29 12:00:00,103.41000366210938,104.36000061035156,102.97000122070312,103.80999755859376,14620
2026-04-29 13:00:00,103.8000030517578,105.2699966430664,103.0500030517578,104.94000244140624,27750
2026-04-29 14:00:00,104.94000244140624,105.44000244140624,104.4000015258789,105.19000244140624,19540
2026-04-29 15:00:00,105.18000030517578,107.02999877929688,104.91000366210938,106.8000030517578,27660
2026-04-29 16:00:00,106.8000030517578,107.2699966430664,106.16999816894533,107.0999984741211,19576
2026-04-29 17:00:00,107.13999938964844,107.68000030517578,106.2699966430664,106.54000091552734,25886
2026-04-29 18:00:00,106.56999969482422,107.45999908447266,106.4800033569336,106.83000183105467,13563
2026-04-29 19:00:00,106.80999755859376,108.5,106.69000244140624,107.76000213623048,16330
2026-04-29 20:00:00,107.7699966430664,108.66999816894533,107.51000213623048,108.51000213623048,10274
2026-04-29 22:00:00,108.9800033569336,109.62999725341795,107.56999969482422,108.41999816894533,7496
2026-04-29 23:00:00,108.41000366210938,108.51000213623048,107.83999633789062,107.9499969482422,4037
2026-04-30 00:00:00,107.98999786376952,108.0999984741211,106.4499969482422,107.44000244140624,15175
2026-04-30 01:00:00,107.38999938964844,107.62999725341795,107.0999984741211,107.16999816894533,7512
2026-04-30 02:00:00,107.19000244140624,109.2300033569336,107.18000030517578,108.4000015258789,16513
2026-04-30 03:00:00,108.41999816894533,109.56999969482422,108.12999725341795,109.06999969482422,12133
2026-04-30 04:00:00,109.0999984741211,110.91999816894533,109.06999969482422,109.8499984741211,17379
2026-04-30 05:00:00,109.86000061035156,109.86000061035156,108.8499984741211,109.36000061035156,9537
2026-04-30 06:00:00,109.37000274658205,110.3000030517578,108.2300033569336,108.3000030517578,16528
2026-04-30 07:00:00,108.31999969482422,108.6500015258789,107.63999938964844,108.27999877929688,12429
2026-04-30 08:00:00,108.25,108.48999786376952,107.5,108.0,8814
2026-04-30 09:00:00,108.0,108.87000274658205,106.4000015258789,106.93000030517578,17661
2026-04-30 10:00:00,106.94000244140624,107.33999633789062,106.13999938964844,106.43000030517578,13871
2026-04-30 11:00:00,106.43000030517578,106.47000122070312,103.51000213623048,104.5199966430664,31215
2026-04-30 12:00:00,104.54000091552734,105.81999969482422,104.45999908447266,105.29000091552734,21463
2026-04-30 13:00:00,105.2699966430664,105.9800033569336,103.83999633789062,105.45999908447266,27306
2026-04-30 14:00:00,105.44000244140624,106.45999908447266,104.68000030517578,106.0,27906
2026-04-30 15:00:00,106.0,106.6500015258789,103.55999755859376,104.0999984741211,37246
2026-04-30 16:00:00,104.11000061035156,105.16999816894533,104.01000213623048,104.7699966430664,13738
2026-04-30 17:00:00,104.7699966430664,104.8499984741211,103.31999969482422,103.6500015258789,20808
2026-04-30 18:00:00,103.66999816894533,105.5999984741211,103.41999816894533,105.4000015258789,13954
2026-04-30 19:00:00,105.44000244140624,105.4499969482422,104.68000030517578,105.2300033569336,7888
2026-04-30 20:00:00,105.20999908447266,106.16999816894533,105.08999633789062,105.38999938964844,8922
2026-04-30 22:00:00,105.3000030517578,105.9800033569336,105.06999969482422,105.6500015258789,2509
2026-04-30 23:00:00,105.66000366210938,105.86000061035156,105.5199966430664,105.62999725341795,1626
2026-05-01 00:00:00,105.6500015258789,106.05999755859376,105.37000274658205,105.63999938964844,4396
2026-05-01 01:00:00,105.62999725341795,106.0,105.12999725341795,105.3000030517578,5067
2026-05-01 02:00:00,105.3000030517578,106.38999938964844,105.08999633789062,105.48999786376952,7035
2026-05-01 03:00:00,105.47000122070312,105.75,105.3499984741211,105.44000244140624,3632
2026-05-01 04:00:00,105.5,105.61000061035156,104.9499969482422,104.98999786376952,3417
2026-05-01 05:00:00,104.9800033569336,105.31999969482422,104.9800033569336,105.08999633789062,3558
2026-05-01 06:00:00,105.11000061035156,106.66999816894533,105.08999633789062,105.91999816894533,9328
2026-05-01 07:00:00,105.93000030517578,106.16999816894533,104.12000274658205,105.52999877929688,13953
2026-05-01 08:00:00,105.5199966430664,105.73999786376952,104.66000366210938,105.51000213623048,8933
2026-05-01 09:00:00,105.58999633789062,106.18000030517578,105.2300033569336,105.41000366210938,6383
2026-05-01 10:00:00,105.43000030517578,105.72000122070312,104.9499969482422,104.98999786376952,4940
2026-05-01 11:00:00,105.0199966430664,105.20999908447266,103.94000244140624,104.11000061035156,9407
2026-05-01 12:00:00,104.11000061035156,104.41000366210938,102.1999969482422,103.75,31091
2026-05-01 13:00:00,103.79000091552734,103.87000274658205,100.41000366210938,100.79000091552734,35858
2026-05-01 14:00:00,100.83000183105467,101.72000122070312,99.3000030517578,101.58999633789062,45068
2026-05-01 15:00:00,101.61000061035156,102.4800033569336,100.75,101.05999755859376,28854
2026-05-01 16:00:00,101.08999633789062,102.62999725341795,100.69000244140624,101.83999633789062,30179
2026-05-01 17:00:00,101.86000061035156,102.13999938964844,101.22000122070312,101.44000244140624,14114
2026-05-01 18:00:00,101.4499969482422,102.75,101.12999725341795,102.19000244140624,13942
2026-05-01 19:00:00,102.18000030517578,102.44000244140624,101.80999755859376,102.16999816894533,6167
2026-05-01 20:00:00,102.18000030517578,102.75,101.94000244140624,101.94000244140624,6773
2026-05-03 22:00:00,100.22000122070312,101.56999969482422,100.0,101.06999969482422,11183
2026-05-03 23:00:00,101.04000091552734,101.7699966430664,100.95999908447266,101.72000122070312,5127
2026-05-04 00:00:00,101.70999908447266,102.33999633789062,101.04000091552734,101.16000366210938,10253
2026-05-04 01:00:00,101.16999816894533,101.98999786376952,101.12000274658205,101.62000274658205,5669
2026-05-04 02:00:00,101.61000061035156,102.0999984741211,101.37999725341795,101.81999969482422,4617
2026-05-04 03:00:00,101.8000030517578,102.19000244140624,101.75,101.9000015258789,3330
2026-05-04 04:00:00,101.87999725341795,101.91000366210938,101.12000274658205,101.6500015258789,4394
2026-05-04 05:00:00,101.68000030517578,101.7699966430664,100.13999938964844,100.95999908447266,10245
2026-05-04 06:00:00,100.97000122070312,102.79000091552734,100.83999633789062,102.41999816894533,10918
2026-05-04 07:00:00,102.41000366210938,103.4499969482422,102.38999938964844,103.4499969482422,8883
2026-05-04 08:00:00,103.4499969482422,104.52999877929688,103.12000274658205,103.25,11617
2026-05-04 09:00:00,103.27999877929688,103.3499984741211,102.61000061035156,103.06999969482422,6125
2026-05-04 10:00:00,103.0500030517578,107.4499969482422,102.97000122070312,105.66999816894533,39524
2026-05-04 11:00:00,105.66999816894533,106.02999877929688,103.87999725341795,104.12999725341795,16863
2026-05-04 12:00:00,104.12999725341795,104.22000122070312,102.12000274658205,102.83999633789062,24954
2026-05-04 13:00:00,102.81999969482422,104.18000030517578,101.83000183105467,102.1999969482422,36640
2026-05-04 14:00:00,102.22000122070312,103.63999938964844,101.5,103.45999908447266,28001
2026-05-04 15:00:00,103.4800033569336,106.0500030517578,102.95999908447266,105.62000274658205,48781
2026-05-04 16:00:00,105.62999725341795,106.63999938964844,104.58999633789062,106.12999725341795,35844
2026-05-04 17:00:00,106.12999725341795,106.25,104.95999908447266,105.29000091552734,17429
2026-05-04 18:00:00,105.26000213623048,106.76000213623048,104.75,105.6999969482422,18343
2026-05-04 19:00:00,105.68000030517578,105.86000061035156,104.8000030517578,105.29000091552734,12707
2026-05-04 20:00:00,105.30999755859376,105.33999633789062,104.62999725341795,105.1500015258789,4582
2026-05-04 22:00:00,104.68000030517578,105.4499969482422,104.4000015258789,104.93000030517578,3015
2026-05-04 23:00:00,104.95999908447266,105.11000061035156,104.8000030517578,104.98999786376952,1608
2026-05-05 00:00:00,104.98999786376952,105.25,104.51000213623048,104.81999969482422,4373
2026-05-05 01:00:00,104.81999969482422,105.06999969482422,104.52999877929688,104.7699966430664,2850
