datetime,open,high,low,close,volume
2025-06-02 04:00:00,21303.75,21576.25,21163,21534.5,434593
2025-06-03 04:00:00,21555,21759.75,21399.25,21706,427859
2025-06-04 04:00:00,21688.25,21803,21641,21766.5,403012
2025-06-05 04:00:00,21744.75,21935,21503.5,21582.25,0
2025-06-06 04:00:00,21471,21873.5,21471,21789.5,466591
2025-06-09 04:00:00,21799.25,21890.75,21716,21821.5,354827
2025-06-10 04:00:00,21824,21992.25,21732,21962.5,439539
2025-06-11 04:00:00,21945.75,22106,21790.75,21887.5,523556
2025-06-12 04:00:00,21871,21977.25,21713.25,21932.5,397839
2025-06-13 04:00:00,21909,21915.75,21471,21644.25,556189
2025-06-16 04:00:00,21554,21999.5,21501.75,21941.5,336301
2025-06-17 04:00:00,21950,21952,21685,21730.5,173026
2025-06-18 04:00:00,21705,21872.5,21640.5,21720.25,0
2025-06-19 04:00:00,0,0,0,0,0
2025-06-20 04:00:00,21731,21896.5,21435.5,21889.890625,649884
2025-06-23 04:00:00,21648.25,22093,21566.75,22073.5,549766
2025-06-24 04:00:00,22079,22448.25,22065.75,22412.75,447975
2025-06-25 04:00:00,22412,22548.25,22384.5,22461,397611
2025-06-26 04:00:00,22461.25,22694,22437.75,22669.25,422397
2025-06-27 04:00:00,22676.25,22825.5,22600,22751.5,487835
2025-06-30 04:00:00,22751.5,22934.75,22751.5,22893.25,434250
2025-07-01 04:00:00,22867.5,22914.75,22594.5,22692.75,495079
2025-07-02 04:00:00,22694.5,22858.75,22582,22843,408882
2025-07-03 13:30:00,22845,23102.5,22827,23062.5,0
2025-07-04 04:00:00,23059.25,23062.5,22882,22906.75,0
2025-07-07 04:00:00,22970,23028.5,22779.75,22884.75,537930
2025-07-08 04:00:00,22837.75,22972.75,22808.5,22896.75,420913
2025-07-09 04:00:00,22906.5,23112,22843.5,23052.75,450523
2025-07-10 04:00:00,23041,23090,22901.25,23013.25,391782
2025-07-11 04:00:00,23011.75,23048.75,22831.5,22959,461057
2025-07-14 04:00:00,22860.75,23066.5,22803,23035.5,414465
2025-07-15 04:00:00,23034.25,23222.75,22996,23056.75,524056
2025-07-16 04:00:00,23018.75,23100,22835.5,23076.5,548602
2025-07-17 04:00:00,23065.5,23279.75,23017,23251,445290
2025-07-18 04:00:00,23261.25,23320.75,23169.5,23224.25,450704
2025-07-21 04:00:00,23232.5,23424.75,23203.75,23342,398833
2025-07-22 04:00:00,23339.5,23367,23108,23226.25,537829
2025-07-23 04:00:00,23191.25,23418,23146.75,23310.75,512963
2025-07-24 04:00:00,23402.25,23424.5,23298.25,23377.5,435559
2025-07-25 04:00:00,23391.5,23476,23330.75,23421.25,395469
2025-07-28 04:00:00,23520,23585.25,23436.75,23491.25,424393
2025-07-29 04:00:00,23504.25,23652.5,23421.25,23452,538169
2025-07-30 04:00:00,23452,23689,23356.5,23480.5,538732
2025-07-31 04:00:00,23705,23845,23290.5,23365,739642
2025-08-01 04:00:00,23308.5,23347.5,22775,22883.75,803558
2025-08-04 04:00:00,22850,23352.5,22821.75,23296.5,472671
2025-08-05 04:00:00,23354,23404.25,23084.5,23132,542676
2025-08-06 04:00:00,23091.75,23445.25,23045.5,23422.75,527514
2025-08-07 04:00:00,23418.5,23671,23329,23496.25,561716
2025-08-08 04:00:00,23518.25,23767.75,23503,23713.75,454190
2025-08-11 04:00:00,23764,23804.5,23587.5,23637.5,443981
2025-08-12 04:00:00,23635,23953.5,23596,23938,488577
2025-08-13 04:00:00,23945,24068.5,23886,23946.5,453506
2025-08-14 04:00:00,23927.75,24007.75,23793.25,23930.5,492051
2025-08-15 04:00:00,23888.75,23963,23734.5,23804,441888
2025-08-18 04:00:00,23795,23881.75,23719,23797.75,399622
2025-08-19 04:00:00,23800.75,23838,23426,23469.5,557582
2025-08-20 04:00:00,23461,23485.5,23035,23324,713574
2025-08-21 04:00:00,23323,23369.25,23119,23219.75,525924
2025-08-22 04:00:00,23225.25,23650,23076.75,23569.75,490867
2025-08-25 04:00:00,23602,23616.25,23443.25,23498.25,399485
2025-08-26 04:00:00,23505.75,23611,23371.5,23591.5,443746
2025-08-27 04:00:00,23604,23689,23434.75,23628.75,436560
2025-08-28 04:00:00,23542.25,23803.75,23487.5,23769,486265
2025-08-29 04:00:00,23760.5,23762,23397.5,23461.75,0
2025-09-02 04:00:00,23479,23552.5,23025.25,23275,744115
2025-09-03 04:00:00,23382,23525.25,23298.25,23448.75,563651
2025-09-04 04:00:00,23456.75,23708.75,23410,23668,484986
2025-09-05 04:00:00,23700,23902,23505,23684,674088
2025-09-08 04:00:00,23673.5,23888,23650.25,23799.75,457632
2025-09-09 04:00:00,23799,23921.25,23726,23874,473187
2025-09-10 04:00:00,23898.5,24044.25,23785,23877.75,521709
2025-09-11 04:00:00,23853.75,24046,23838,24017.75,445071
2025-09-12 04:00:00,24028.25,24159,23969,24113.25,425565
2025-09-15 04:00:00,24115.25,24315.5,24076,24309.25,366064
2025-09-16 04:00:00,24290,24403.5,24258.25,24284,211077
2025-09-17 04:00:00,24290,24312.5,24003.75,24222.5,171533
2025-09-18 04:00:00,24250.25,24569.5,24248.5,24460.25,106669
2025-09-19 04:00:00,24468.25,24575,24412.5,24568.0703125,505600
2025-09-22 04:00:00,24850,25027.25,24748.75,25003,481197
2025-09-23 04:00:00,24995,25026,24780.5,24827.25,564182
2025-09-24 04:00:00,24839.5,24913.5,24627,24739.25,530441
2025-09-25 04:00:00,24746,24793.5,24422.5,24629.25,710112
2025-09-26 04:00:00,24642.5,24747.5,24520,24726.75,548790
2025-09-29 04:00:00,24726.5,24975.5,24721.75,24837.75,508361
2025-09-30 04:00:00,24817.75,24913.75,24722.25,24901.75,513254
2025-10-01 04:00:00,24843,25036.75,24633.25,25017.5,474674
2025-10-02 04:00:00,25009.25,25180,24993.75,25110,460294
2025-10-03 04:00:00,25101.5,25196.5,24923.25,24992,490721
2025-10-06 04:00:00,25000,25252.75,24995,25184.75,414908
2025-10-07 04:00:00,25184.5,25275,24984.75,25039.25,539431
2025-10-08 04:00:00,25059.75,25364.75,25026.25,25331,451309
2025-10-09 04:00:00,25351.5,25394,25160.75,25289.25,500933
2025-10-10 04:00:00,25287.75,25388,24158.5,24397,934374
2025-10-13 04:00:00,24542,24965,24542,24922.25,934374
2025-10-14 04:00:00,24913.75,25044.25,24421,24762.5,729059
2025-10-15 04:00:00,24754,25115,24663.25,24924.5,637036
2025-10-16 04:00:00,24937,25179.5,24643.5,24831.25,738759
2025-10-17 04:00:00,24793.75,25055.75,24410,24986.5,743681
2025-10-20 04:00:00,25065.75,25354.5,24955.75,25305.25,437206
2025-10-21 04:00:00,25326.75,25368,25203.25,25294.75,441490
2025-10-22 04:00:00,25283.75,25338.25,24804.75,25039.25,695128
2025-10-23 04:00:00,25012.25,25296,24937,25254,527352
2025-10-24 04:00:00,25283.25,25570.75,25276,25509.25,467727
2025-10-27 04:00:00,25723.5,26013.5,25700,25963.75,435230
2025-10-28 04:00:00,26002.5,26231.5,25943,26163.5,452121
2025-10-29 04:00:00,26179.75,26379.75,26049.25,26262.5,557797
2025-10-30 04:00:00,26154.5,26399,25853,25882.75,665782
2025-10-31 04:00:00,26150.5,26274,25888.75,26004,597984
2025-11-03 05:00:00,26028.25,26266,26012.75,26103.25,0
2025-11-04 05:00:00,26104.5,26104.5,25522.75,25575.25,669483
2025-11-05 05:00:00,25545,25880,25282,25746.25,618171
2025-11-06 05:00:00,25738.5,25822.25,25197.75,25244.25,754444
2025-11-07 05:00:00,25314.75,25354.75,24709.25,25166.25,765092
2025-11-10 05:00:00,25320.75,25760.5,25269,25714.5,626203
2025-11-11 05:00:00,25722.25,25768.75,25478.5,25640.75,537967
2025-11-12 05:00:00,25668,25830,25488.75,25623.75,606259
2025-11-13 05:00:00,25624,25721.5,25002.5,25094.75,775125
2025-11-14 05:00:00,25095.25,25293.25,24626,25094,862322
2025-11-17 05:00:00,25142.25,25361.25,24731.75,24879,738978
2025-11-18 05:00:00,24905.5,24959.5,24376.25,24595.75,871074
2025-11-19 05:00:00,24551,24988,24445,24721.75,770449
2025-11-20 05:00:00,24966.75,25310,24073.25,24131.5,995836
2025-11-21 05:00:00,24110,24596.25,23904.5,24305.5,918728
2025-11-24 05:00:00,24455.75,24993.5,24361.75,24948.25,604148
2025-11-25 05:00:00,24966.25,25135.25,24602,25085.5,629575
2025-11-26 05:00:00,25071.25,25376,25061.25,25302.25,522196
2025-11-28 14:30:00,25313,25499.75,25285.75,25482,199445
2025-12-01 05:00:00,25482.5,25546,25193.25,25391.25,574734
2025-12-02 05:00:00,25411.5,25670,25324.75,25606,561951
2025-12-03 05:00:00,25611,25685.25,25421.5,25657.5,494194
2025-12-04 05:00:00,25650.25,25732.5,25488.75,25622.75,509526
2025-12-05 05:00:00,25629.75,25868,25579.75,25732,498264
2025-12-08 05:00:00,25750,25860.75,25564.75,25664,473150
2025-12-09 05:00:00,25713,25735.75,25560,25699.75,407387
2025-12-10 05:00:00,25680,25870.75,25528.75,25798,556710
2025-12-11 05:00:00,25769.5,25861.5,25383,25713.5,637723
2025-12-12 05:00:00,25701,25733.25,25118,25213.5,760749
2025-12-15 05:00:00,25223.5,25410,25033.25,25093.25,448073
2025-12-16 05:00:00,25101.25,25202.5,24828,25139,247876
2025-12-17 05:00:00,25091.75,25266,24654.5,24668.75,139991
2025-12-18 05:00:00,24744,25178,24675.5,25028.25,111598
2025-12-19 05:00:00,25002.5,25160,24977.5,25132.7890625,502611
2025-12-22 05:00:00,25635.25,25794.75,25628,25692.25,367322
2025-12-23 05:00:00,25701,25822.5,25608.25,25812.25,336346
2025-12-24 14:30:00,25815.75,25892,25777.5,25880.5,163037
2025-12-26 05:00:00,25868,25935.25,25834.25,25863.25,240485
2025-12-29 05:00:00,25863.25,25893.75,25648,25739.75,347055
2025-12-30 05:00:00,25740,25793.75,25668.25,25675.25,300558
2025-12-31 05:00:00,25683.25,25716.75,25429,25456.75,329352
2026-01-02 05:00:00,25478.5,25803.75,25265.25,25385.25,554838
2026-01-05 05:00:00,25431.75,25708,25406.5,25577.75,461305
2026-01-06 05:00:00,25583,25837.75,25527.5,25822,445573
2026-01-07 05:00:00,25831.25,25996.25,25727,25838.75,477861
2026-01-08 05:00:00,25838.75,25849.75,25569,25687.5,510805
2026-01-09 05:00:00,25725,25985.5,25615.5,25938.25,509669
2026-01-12 05:00:00,25949,26020.5,25632.75,25956.75,452996
2026-01-13 05:00:00,25953.5,26045.5,25803.25,25906,560438
2026-01-14 05:00:00,25900.75,25925.75,25420.75,25631,647871
2026-01-15 05:00:00,25593,25952.75,25562.5,25705.75,591058
2026-01-16 05:00:00,25720.5,25891,25591.5,25689,490573
2026-01-20 05:00:00,25471,25472,25095.25,25129.25,864568
2026-01-21 05:00:00,25149.5,25653.5,25025,25471,810753
2026-01-22 05:00:00,25529.5,25739.75,25483.75,25658.25,533607
2026-01-23 05:00:00,25605,25845.75,25540.25,25738.25,504901
2026-01-26 05:00:00,25585.5,25936.5,25365.25,25848.5,450290
2026-01-27 05:00:00,25861.25,26118,25838.5,26073,429460
2026-01-28 05:00:00,26111.25,26349,25993.25,26156.25,511937
2026-01-29 05:00:00,26282.5,26296,25536,25999.25,699097
2026-01-30 05:00:00,25998.5,26020,25568.75,25670,712197
2026-02-02 05:00:00,25530,25949.5,25180.25,25850,578865
2026-02-03 05:00:00,25876.5,26027.75,25219,25452,696150
2026-02-04 05:00:00,25387.5,25514.25,24783.5,24999.25,742646
2026-02-05 05:00:00,25061.75,25169,24407.25,24651,774469
2026-02-06 05:00:00,24416,25222,24239.75,25163.25,653956
2026-02-09 05:00:00,25153.75,25428.75,24955.5,25354,492306
2026-02-10 05:00:00,25363,25447.25,25198.25,25218.25,477554
2026-02-11 05:00:00,25259,25465.25,25058.25,25288.5,531730
2026-02-12 05:00:00,25289,25419.75,24721.5,24768,668338
2026-02-13 05:00:00,24842.25,24995.5,24578.75,24803.25,688226
2026-02-17 05:00:00,24789.75,24922.25,24449.25,24767.75,752646
2026-02-18 05:00:00,24773.75,25128.25,24700.75,24956,540796
2026-02-19 05:00:00,24943.5,25054,24749,24858.75,515038
2026-02-20 05:00:00,24837.75,25139.5,24678.5,25067.5,615358
2026-02-23 05:00:00,25033.75,25059.75,24668,24762.75,594568
2026-02-24 05:00:00,24788,25078.75,24694.5,25028.75,520239
2026-02-25 05:00:00,25016.25,25494.75,24992,25382,417621
2026-02-26 05:00:00,25388.25,25418.25,24861.75,25081,605581
2026-02-27 05:00:00,25024.25,25098.75,24782,25004.75,561211
2026-03-02 05:00:00,24682.5,25101,24477,25025.25,627650
2026-03-03 05:00:00,25002.75,25011,24352,24755.75,719421
2026-03-04 05:00:00,24710.75,25217.75,24499,25128.25,603596
2026-03-05 05:00:00,25156.5,25250,24772.5,25049.5,683962
2026-03-06 05:00:00,25019.75,25141.5,24601,24670.25,645082
2026-03-09 04:00:00,24435.25,25058,24000,24991,708630
2026-03-10 04:00:00,24981.5,25217.5,24830,24982.5,564644
2026-03-11 04:00:00,25010.25,25180,24873.5,24983.5,476593
2026-03-12 04:00:00,24934.5,24949.25,24517.75,24560,565145
2026-03-13 04:00:00,24567,24805.25,24333.75,24394.25,609146
2026-03-16 04:00:00,24285,24816.25,24278,24675.75,413547
2026-03-17 04:00:00,24668.75,24896,24517,24795.5,204810
2026-03-18 04:00:00,24796,24989,24350,24434.5,126918
2026-03-19 04:00:00,24399.75,24505.25,24115,24364,69553
2026-03-20 04:00:00,24417.25,24444,24108.75,24291.779296875,611673
2026-03-23 04:00:00,23902,24763,23772.5,24408.25,683625
2026-03-24 04:00:00,24417.25,24550,24134,24213.75,544209
2026-03-25 04:00:00,24420,24539.75,24286.5,24367.75,525449
2026-03-26 04:00:00,24373.5,24421.25,23763.25,23794.25,557306
2026-03-27 04:00:00,23824,23976,23232.5,23328.5,559271
2026-03-30 04:00:00,23189.5,23574,23024.5,23139.75,559453
2026-03-31 04:00:00,23119.5,23975.25,22961.5,23915,755160
2026-04-01 04:00:00,23889,24348.25,23880,24194.75,579693
2026-04-02 04:00:00,24180,24266.75,23666,24218,576893
2026-04-06 04:00:00,24093.5,24452.25,23981.5,24358.5,444473
2026-04-07 04:00:00,24348.75,24451.5,23941.5,24371,575961
2026-04-08 04:00:00,24514,25257,24355,25074.25,644388
2026-04-09 04:00:00,25037.75,25269.75,24953,25251.5,514186
2026-04-10 04:00:00,25237,25393,25193,25281.25,430719
2026-04-13 04:00:00,24980,25599.25,24904.5,25543.5,507117
2026-04-14 04:00:00,25575.25,26003.25,25560,25996.75,477724
2026-04-15 04:00:00,25985.75,26377.5,25933.75,26365.5,521771
2026-04-16 04:00:00,26350,26564,26275.5,26487.25,590117
2026-04-17 04:00:00,26460,26884.75,26440,26825.5,599136
2026-04-20 04:00:00,26599.75,26827.75,26535,26748.75,502901
2026-04-21 04:00:00,26776.75,26901.75,26551.75,26634.75,610696
2026-04-22 04:00:00,26729.5,27136,26727.75,27083,512026
2026-04-23 04:00:00,27075,27155.75,26681.75,26934,644095
2026-04-24 04:00:00,26992,27462.5,26992,27435,545525
2026-04-27 04:00:00,27403.25,27542.5,27298.5,27440.5,444514
2026-04-28 04:00:00,27423,27512,27009.5,27168.75,603738
2026-04-29 04:00:00,27197.25,27414,27094,27325.25,516846
2026-04-30 04:00:00,27207,27622.75,27163.25,27596,701348
2026-05-01 04:00:00,27631.75,27917,27536.25,27835.75,509821
2026-05-04 04:00:00,27890,27965.75,27613,27776,576727
2026-05-05 04:00:00,27760,28247,27731.75,28136,458058
2026-05-06 04:00:00,28250,28800,28243,28716.75,637911
2026-05-07 04:00:00,28662.75,28944.75,28552,28682.25,657049
2026-05-08 04:00:00,28582,29386.75,28541,29332.5,543817
2026-05-11 04:00:00,29294,29480,29225.75,29424,558723
2026-05-12 04:00:00,29399,29455.75,28742,29170,719824
2026-05-13 04:00:00,29143.75,29565.5,29055.5,29479.25,570739
2026-05-14 04:00:00,29537,29782,29448.25,29687.75,611771
2026-05-15 04:00:00,29690,29734,29089.75,29231.75,750779
2026-05-18 04:00:00,29135,29419.75,28814.75,29096,854443
2026-05-19 04:00:00,29100,29188.5,28663,28924.25,717466
2026-05-20 04:00:00,28929.75,29397.5,28797.25,29390.5,606377
2026-05-21 04:00:00,29253,29554,29113,29447.25,612220
2026-05-22 04:00:00,29444,29749,29436,29558.75,495134
2026-05-26 04:00:00,29676.25,30118.75,29676.25,30073.5,668516
2026-05-27 04:00:00,30050,30379,29877.5,30047.25,637375
2026-05-28 04:00:00,30120,30344.5,29763,30307,564551
2026-05-29 04:00:00,30328,30536,30216.5,30405.25,578992
2026-06-01 04:00:00,30415.5,30693,30291.5,30566.25,578992
2026-06-02 04:00:00,30544.75,30547.25,30317.75,30476.5,67059
